source,chr,start,end
chr1%1500000%217.0,chr1,1500000,1500001
chr1%2500000%265.0,chr1,2500000,2500001
chr1%3500000%281.0,chr1,3500000,3500001
chr1%4500000%348.0,chr1,4500000,4500001
chr1%5500000%264.0,chr1,5500000,5500001
chr1%6500000%285.0,chr1,6500000,6500001
chr1%7500000%305.0,chr1,7500000,7500001
chr1%8500000%394.0,chr1,8500000,8500001
chr1%9500000%409.0,chr1,9500000,9500001
chr1%10500000%387.0,chr1,10500000,10500001
chr1%11500000%429.0,chr1,11500000,11500001
chr1%12500000%366.0,chr1,12500000,12500001
chr1%13500000%436.0,chr1,13500000,13500001
chr1%14500000%490.0,chr1,14500000,14500001
chr1%15500000%388.0,chr1,15500000,15500001
chr1%16500000%500.0,chr1,16500000,16500001
chr1%17500000%379.0,chr1,17500000,17500001
chr1%18500000%433.0,chr1,18500000,18500001
chr1%19500000%402.0,chr1,19500000,19500001
chr1%20500000%414.0,chr1,20500000,20500001
chr1%21500000%502.0,chr1,21500000,21500001
chr1%22500000%459.0,chr1,22500000,22500001
chr1%23500000%341.0,chr1,23500000,23500001
chr1%24500000%410.0,chr1,24500000,24500001
chr1%25500000%394.0,chr1,25500000,25500001
chr1%26500000%337.0,chr1,26500000,26500001
chr1%27500000%280.0,chr1,27500000,27500001
chr1%28500000%357.0,chr1,28500000,28500001
chr1%29500000%332.0,chr1,29500000,29500001
chr1%30500000%401.0,chr1,30500000,30500001
chr1%31500000%398.0,chr1,31500000,31500001
chr1%32500000%440.0,chr1,32500000,32500001
chr1%33500000%340.0,chr1,33500000,33500001
chr1%34500000%421.0,chr1,34500000,34500001
chr1%35500000%282.0,chr1,35500000,35500001
chr1%36500000%279.0,chr1,36500000,36500001
chr1%37500000%333.0,chr1,37500000,37500001
chr1%38500000%410.0,chr1,38500000,38500001
chr1%39500000%386.0,chr1,39500000,39500001
chr1%40500000%408.0,chr1,40500000,40500001
chr1%41500000%370.0,chr1,41500000,41500001
chr1%42500000%378.0,chr1,42500000,42500001
chr1%43500000%307.0,chr1,43500000,43500001
chr1%44500000%251.0,chr1,44500000,44500001
chr1%45500000%298.0,chr1,45500000,45500001
chr1%46500000%363.0,chr1,46500000,46500001
chr1%47500000%345.0,chr1,47500000,47500001
chr1%48500000%312.0,chr1,48500000,48500001
chr1%49500000%253.0,chr1,49500000,49500001
chr1%50500000%341.0,chr1,50500000,50500001
chr1%51500000%313.0,chr1,51500000,51500001
chr1%52500000%285.0,chr1,52500000,52500001
chr1%53500000%288.0,chr1,53500000,53500001
chr1%54500000%239.0,chr1,54500000,54500001
chr1%55500000%242.0,chr1,55500000,55500001
chr1%56500000%217.0,chr1,56500000,56500001
chr1%57500000%312.0,chr1,57500000,57500001
chr1%58500000%292.0,chr1,58500000,58500001
chr1%59500000%257.0,chr1,59500000,59500001
chr1%60500000%303.0,chr1,60500000,60500001
chr1%61500000%252.0,chr1,61500000,61500001
chr1%62500000%267.0,chr1,62500000,62500001
chr1%63500000%267.0,chr1,63500000,63500001
chr1%64500000%243.0,chr1,64500000,64500001
chr1%65500000%276.0,chr1,65500000,65500001
chr1%66500000%288.0,chr1,66500000,66500001
chr1%67500000%271.0,chr1,67500000,67500001
chr1%68500000%220.0,chr1,68500000,68500001
chr1%69500000%235.0,chr1,69500000,69500001
chr1%70500000%270.0,chr1,70500000,70500001
chr1%71500000%278.0,chr1,71500000,71500001
chr1%72500000%257.0,chr1,72500000,72500001
chr1%73500000%269.0,chr1,73500000,73500001
chr1%74500000%255.0,chr1,74500000,74500001
chr1%75500000%269.0,chr1,75500000,75500001
chr1%76500000%273.0,chr1,76500000,76500001
chr1%77500000%223.0,chr1,77500000,77500001
chr1%78500000%203.0,chr1,78500000,78500001
chr1%79500000%239.0,chr1,79500000,79500001
chr1%81500000%213.0,chr1,81500000,81500001
chr1%83500000%242.0,chr1,83500000,83500001
chr1%88500000%251.0,chr1,88500000,88500001
chr1%93500000%209.0,chr1,93500000,93500001
chr1%96500000%203.0,chr1,96500000,96500001
chr1%99500000%218.0,chr1,99500000,99500001
chr1%101500000%216.0,chr1,101500000,101500001
chr1%102500000%206.0,chr1,102500000,102500001
chr1%103500000%236.0,chr1,103500000,103500001
chr1%108500000%205.0,chr1,108500000,108500001
chr1%111500000%215.0,chr1,111500000,111500001
chr1%112500000%233.0,chr1,112500000,112500001
chr1%113500000%233.0,chr1,113500000,113500001
chr1%117500000%209.0,chr1,117500000,117500001
chr1%118500000%232.0,chr1,118500000,118500001
chr1%120500000%227.0,chr1,120500000,120500001
chr1%121500000%218.0,chr1,121500000,121500001
chr1%122500000%239.0,chr1,122500000,122500001
chr1%125500000%205.0,chr1,125500000,125500001
chr1%128500000%263.0,chr1,128500000,128500001
chr1%129500000%237.0,chr1,129500000,129500001
chr1%131500000%206.0,chr1,131500000,131500001
chr1%134500000%246.0,chr1,134500000,134500001
chr1%135500000%214.0,chr1,135500000,135500001
chr1%137500000%233.0,chr1,137500000,137500001
chr1%138500000%231.0,chr1,138500000,138500001
chr1%139500000%202.0,chr1,139500000,139500001
chr1%140500000%253.0,chr1,140500000,140500001
chr1%142500000%233.0,chr1,142500000,142500001
chr1%143500000%228.0,chr1,143500000,143500001
chr1%146500000%226.0,chr1,146500000,146500001
chr1%148500000%221.0,chr1,148500000,148500001
chr1%150500000%222.0,chr1,150500000,150500001
chr1%163500000%207.0,chr1,163500000,163500001
chr1%168500000%235.0,chr1,168500000,168500001
chr1%169500000%216.0,chr1,169500000,169500001
chr1%171500000%205.0,chr1,171500000,171500001
chr1%177500000%217.0,chr1,177500000,177500001
chr1%180500000%222.0,chr1,180500000,180500001
chr1%181500000%209.0,chr1,181500000,181500001
chr1%182500000%211.0,chr1,182500000,182500001
chr1%194500000%201.0,chr1,194500000,194500001
chr1%211500000%206.0,chr1,211500000,211500001
chr1%212500000%212.0,chr1,212500000,212500001
chr1%213500000%201.0,chr1,213500000,213500001
chr1%214500000%223.0,chr1,214500000,214500001
chr1%217500000%210.0,chr1,217500000,217500001
chr1%218500000%221.0,chr1,218500000,218500001
chr1%220500000%201.0,chr1,220500000,220500001
chr1%222500000%211.0,chr1,222500000,222500001
chr1%231500000%213.0,chr1,231500000,231500001
chr1%249500000%206.0,chr1,249500000,249500001
chr1%251500000%242.0,chr1,251500000,251500001
chr1%260500000%266.0,chr1,260500000,260500001
chr1%261500000%213.0,chr1,261500000,261500001
chr1%262500000%257.0,chr1,262500000,262500001
chr1%263500000%227.0,chr1,263500000,263500001
chr1%264500000%221.0,chr1,264500000,264500001
chr1%265500000%233.0,chr1,265500000,265500001
chr1%269500000%227.0,chr1,269500000,269500001
chr1%273500000%245.0,chr1,273500000,273500001
chr1%274500000%212.0,chr1,274500000,274500001
chr1%276500000%207.0,chr1,276500000,276500001
chr1%277500000%229.0,chr1,277500000,277500001
chr1%279500000%208.0,chr1,279500000,279500001
chr1%280500000%220.0,chr1,280500000,280500001
chr1%281500000%205.0,chr1,281500000,281500001
chr1%282500000%238.0,chr1,282500000,282500001
chr1%283500000%211.0,chr1,283500000,283500001
chr1%285500000%248.0,chr1,285500000,285500001
chr1%286500000%263.0,chr1,286500000,286500001
chr1%287500000%239.0,chr1,287500000,287500001
chr1%288500000%246.0,chr1,288500000,288500001
chr1%289500000%247.0,chr1,289500000,289500001
chr1%290500000%260.0,chr1,290500000,290500001
chr1%291500000%247.0,chr1,291500000,291500001
chr1%292500000%205.0,chr1,292500000,292500001
chr1%295500000%215.0,chr1,295500000,295500001
chr1%296500000%204.0,chr1,296500000,296500001
chr1%297500000%255.0,chr1,297500000,297500001
chr1%298500000%271.0,chr1,298500000,298500001
chr1%299500000%212.0,chr1,299500000,299500001
chr1%300500000%211.0,chr1,300500000,300500001
chr1%304500000%205.0,chr1,304500000,304500001
chr1%306500000%211.0,chr1,306500000,306500001
chr1%308500000%230.0,chr1,308500000,308500001
chr1%309500000%276.0,chr1,309500000,309500001
chr1%310500000%290.0,chr1,310500000,310500001
chr1%311500000%215.0,chr1,311500000,311500001
chr1%312500000%244.0,chr1,312500000,312500001
chr1%313500000%229.0,chr1,313500000,313500001
chr1%314500000%224.0,chr1,314500000,314500001
chr1%315500000%206.0,chr1,315500000,315500001
chr1%316500000%260.0,chr1,316500000,316500001
chr1%318500000%288.0,chr1,318500000,318500001
chr1%319500000%287.0,chr1,319500000,319500001
chr1%320500000%291.0,chr1,320500000,320500001
chr1%321500000%256.0,chr1,321500000,321500001
chr1%322500000%250.0,chr1,322500000,322500001
chr1%324500000%220.0,chr1,324500000,324500001
chr1%325500000%217.0,chr1,325500000,325500001
chr1%326500000%207.0,chr1,326500000,326500001
chr1%327500000%251.0,chr1,327500000,327500001
chr1%328500000%213.0,chr1,328500000,328500001
chr1%329500000%233.0,chr1,329500000,329500001
chr1%330500000%263.0,chr1,330500000,330500001
chr1%331500000%201.0,chr1,331500000,331500001
chr1%332500000%209.0,chr1,332500000,332500001
chr1%333500000%232.0,chr1,333500000,333500001
chr1%334500000%238.0,chr1,334500000,334500001
chr1%335500000%239.0,chr1,335500000,335500001
chr1%336500000%210.0,chr1,336500000,336500001
chr1%337500000%252.0,chr1,337500000,337500001
chr1%338500000%297.0,chr1,338500000,338500001
chr1%339500000%238.0,chr1,339500000,339500001
chr1%340500000%215.0,chr1,340500000,340500001
chr1%341500000%221.0,chr1,341500000,341500001
chr1%342500000%263.0,chr1,342500000,342500001
chr1%343500000%213.0,chr1,343500000,343500001
chr1%344500000%255.0,chr1,344500000,344500001
chr1%345500000%247.0,chr1,345500000,345500001
chr1%346500000%275.0,chr1,346500000,346500001
chr1%347500000%284.0,chr1,347500000,347500001
chr1%348500000%306.0,chr1,348500000,348500001
chr1%349500000%225.0,chr1,349500000,349500001
chr1%350500000%269.0,chr1,350500000,350500001
chr1%351500000%241.0,chr1,351500000,351500001
chr1%352500000%286.0,chr1,352500000,352500001
chr1%353500000%262.0,chr1,353500000,353500001
chr1%354500000%263.0,chr1,354500000,354500001
chr1%355500000%257.0,chr1,355500000,355500001
chr1%356500000%267.0,chr1,356500000,356500001
chr1%358500000%242.0,chr1,358500000,358500001
chr1%360500000%240.0,chr1,360500000,360500001
chr1%361500000%227.0,chr1,361500000,361500001
chr1%362500000%246.0,chr1,362500000,362500001
chr1%363500000%254.0,chr1,363500000,363500001
chr1%364500000%252.0,chr1,364500000,364500001
chr1%365500000%265.0,chr1,365500000,365500001
chr1%366500000%278.0,chr1,366500000,366500001
chr1%367500000%271.0,chr1,367500000,367500001
chr1%368500000%292.0,chr1,368500000,368500001
chr1%369500000%234.0,chr1,369500000,369500001
chr1%370500000%278.0,chr1,370500000,370500001
chr1%371500000%248.0,chr1,371500000,371500001
chr1%372500000%274.0,chr1,372500000,372500001
chr1%373500000%274.0,chr1,373500000,373500001
chr1%374500000%309.0,chr1,374500000,374500001
chr1%375500000%314.0,chr1,375500000,375500001
chr1%376500000%281.0,chr1,376500000,376500001
chr1%377500000%317.0,chr1,377500000,377500001
chr1%378500000%308.0,chr1,378500000,378500001
chr1%379500000%319.0,chr1,379500000,379500001
chr1%380500000%234.0,chr1,380500000,380500001
chr1%381500000%304.0,chr1,381500000,381500001
chr1%382500000%279.0,chr1,382500000,382500001
chr1%383500000%265.0,chr1,383500000,383500001
chr1%384500000%290.0,chr1,384500000,384500001
chr1%385500000%251.0,chr1,385500000,385500001
chr1%386500000%269.0,chr1,386500000,386500001
chr1%387500000%323.0,chr1,387500000,387500001
chr1%388500000%214.0,chr1,388500000,388500001
chr1%389500000%289.0,chr1,389500000,389500001
chr1%390500000%256.0,chr1,390500000,390500001
chr1%391500000%256.0,chr1,391500000,391500001
chr1%393500000%242.0,chr1,393500000,393500001
chr1%394500000%232.0,chr1,394500000,394500001
chr1%397500000%253.0,chr1,397500000,397500001
chr1%398500000%284.0,chr1,398500000,398500001
chr1%400500000%264.0,chr1,400500000,400500001
chr1%401500000%235.0,chr1,401500000,401500001
chr1%402500000%228.0,chr1,402500000,402500001
chr1%403500000%259.0,chr1,403500000,403500001
chr1%404500000%221.0,chr1,404500000,404500001
chr1%405500000%219.0,chr1,405500000,405500001
chr1%406500000%241.0,chr1,406500000,406500001
chr1%407500000%252.0,chr1,407500000,407500001
chr1%409500000%216.0,chr1,409500000,409500001
chr1%410500000%242.0,chr1,410500000,410500001
chr1%411500000%214.0,chr1,411500000,411500001
chr1%412500000%229.0,chr1,412500000,412500001
chr1%413500000%242.0,chr1,413500000,413500001
chr1%414500000%221.0,chr1,414500000,414500001
chr1%416500000%228.0,chr1,416500000,416500001
chr1%417500000%215.0,chr1,417500000,417500001
chr1%418500000%321.0,chr1,418500000,418500001
chr1%419500000%264.0,chr1,419500000,419500001
chr1%420500000%307.0,chr1,420500000,420500001
chr1%421500000%241.0,chr1,421500000,421500001
chr1%422500000%243.0,chr1,422500000,422500001
chr1%423500000%224.0,chr1,423500000,423500001
chr1%424500000%282.0,chr1,424500000,424500001
chr1%425500000%264.0,chr1,425500000,425500001
chr1%426500000%309.0,chr1,426500000,426500001
chr1%427500000%326.0,chr1,427500000,427500001
chr1%428500000%337.0,chr1,428500000,428500001
chr1%429500000%235.0,chr1,429500000,429500001
chr1%430500000%317.0,chr1,430500000,430500001
chr1%431500000%302.0,chr1,431500000,431500001
chr1%432500000%243.0,chr1,432500000,432500001
chr1%433500000%251.0,chr1,433500000,433500001
chr1%434500000%348.0,chr1,434500000,434500001
chr1%435500000%245.0,chr1,435500000,435500001
chr1%436500000%261.0,chr1,436500000,436500001
chr1%437500000%205.0,chr1,437500000,437500001
chr1%438470935%298.0,chr1,438470935,438470936
chr2%1500000%217.0,chr2,1500000,1500001
chr2%2500000%265.0,chr2,2500000,2500001
chr2%3500000%281.0,chr2,3500000,3500001
chr2%4500000%348.0,chr2,4500000,4500001
chr2%5500000%264.0,chr2,5500000,5500001
chr2%6500000%285.0,chr2,6500000,6500001
chr2%7500000%305.0,chr2,7500000,7500001
chr2%8500000%394.0,chr2,8500000,8500001
chr2%9500000%409.0,chr2,9500000,9500001
chr2%10500000%387.0,chr2,10500000,10500001
chr2%11500000%429.0,chr2,11500000,11500001
chr2%12500000%366.0,chr2,12500000,12500001
chr2%13500000%436.0,chr2,13500000,13500001
chr2%14500000%490.0,chr2,14500000,14500001
chr2%15500000%388.0,chr2,15500000,15500001
chr2%16500000%500.0,chr2,16500000,16500001
chr2%17500000%379.0,chr2,17500000,17500001
chr2%18500000%433.0,chr2,18500000,18500001
chr2%19500000%402.0,chr2,19500000,19500001
chr2%20500000%414.0,chr2,20500000,20500001
chr2%21500000%502.0,chr2,21500000,21500001
chr2%22500000%459.0,chr2,22500000,22500001
chr2%23500000%341.0,chr2,23500000,23500001
chr2%24500000%410.0,chr2,24500000,24500001
chr2%25500000%394.0,chr2,25500000,25500001
chr2%26500000%337.0,chr2,26500000,26500001
chr2%27500000%280.0,chr2,27500000,27500001
chr2%28500000%357.0,chr2,28500000,28500001
chr2%29500000%332.0,chr2,29500000,29500001
chr2%30500000%401.0,chr2,30500000,30500001
chr2%31500000%398.0,chr2,31500000,31500001
chr2%32500000%440.0,chr2,32500000,32500001
chr2%33500000%340.0,chr2,33500000,33500001
chr2%34500000%421.0,chr2,34500000,34500001
chr2%35500000%282.0,chr2,35500000,35500001
chr2%36500000%279.0,chr2,36500000,36500001
chr2%37500000%333.0,chr2,37500000,37500001
chr2%38500000%410.0,chr2,38500000,38500001
chr2%39500000%386.0,chr2,39500000,39500001
chr2%40500000%408.0,chr2,40500000,40500001
chr2%41500000%370.0,chr2,41500000,41500001
chr2%42500000%378.0,chr2,42500000,42500001
chr2%43500000%307.0,chr2,43500000,43500001
chr2%44500000%251.0,chr2,44500000,44500001
chr2%45500000%298.0,chr2,45500000,45500001
chr2%46500000%363.0,chr2,46500000,46500001
chr2%47500000%345.0,chr2,47500000,47500001
chr2%48500000%312.0,chr2,48500000,48500001
chr2%49500000%253.0,chr2,49500000,49500001
chr2%50500000%341.0,chr2,50500000,50500001
chr2%51500000%313.0,chr2,51500000,51500001
chr2%52500000%285.0,chr2,52500000,52500001
chr2%53500000%288.0,chr2,53500000,53500001
chr2%54500000%239.0,chr2,54500000,54500001
chr2%55500000%242.0,chr2,55500000,55500001
chr2%56500000%217.0,chr2,56500000,56500001
chr2%57500000%312.0,chr2,57500000,57500001
chr2%58500000%292.0,chr2,58500000,58500001
chr2%59500000%257.0,chr2,59500000,59500001
chr2%60500000%303.0,chr2,60500000,60500001
chr2%61500000%252.0,chr2,61500000,61500001
chr2%62500000%267.0,chr2,62500000,62500001
chr2%63500000%267.0,chr2,63500000,63500001
chr2%64500000%243.0,chr2,64500000,64500001
chr2%65500000%276.0,chr2,65500000,65500001
chr2%66500000%288.0,chr2,66500000,66500001
chr2%67500000%271.0,chr2,67500000,67500001
chr2%68500000%220.0,chr2,68500000,68500001
chr2%69500000%235.0,chr2,69500000,69500001
chr2%70500000%270.0,chr2,70500000,70500001
chr2%71500000%278.0,chr2,71500000,71500001
chr2%72500000%257.0,chr2,72500000,72500001
chr2%73500000%269.0,chr2,73500000,73500001
chr2%74500000%255.0,chr2,74500000,74500001
chr2%75500000%269.0,chr2,75500000,75500001
chr2%76500000%273.0,chr2,76500000,76500001
chr2%77500000%223.0,chr2,77500000,77500001
chr2%78500000%203.0,chr2,78500000,78500001
chr2%79500000%239.0,chr2,79500000,79500001
chr2%81500000%213.0,chr2,81500000,81500001
chr2%83500000%242.0,chr2,83500000,83500001
chr2%88500000%251.0,chr2,88500000,88500001
chr2%93500000%209.0,chr2,93500000,93500001
chr2%96500000%203.0,chr2,96500000,96500001
chr2%99500000%218.0,chr2,99500000,99500001
chr2%101500000%216.0,chr2,101500000,101500001
chr2%102500000%206.0,chr2,102500000,102500001
chr2%103500000%236.0,chr2,103500000,103500001
chr2%108500000%205.0,chr2,108500000,108500001
chr2%111500000%215.0,chr2,111500000,111500001
chr2%112500000%233.0,chr2,112500000,112500001
chr2%113500000%233.0,chr2,113500000,113500001
chr2%117500000%209.0,chr2,117500000,117500001
chr2%118500000%232.0,chr2,118500000,118500001
chr2%120500000%227.0,chr2,120500000,120500001
chr2%121500000%218.0,chr2,121500000,121500001
chr2%122500000%239.0,chr2,122500000,122500001
chr2%125500000%205.0,chr2,125500000,125500001
chr2%128500000%263.0,chr2,128500000,128500001
chr2%129500000%237.0,chr2,129500000,129500001
chr2%131500000%206.0,chr2,131500000,131500001
chr2%134500000%246.0,chr2,134500000,134500001
chr2%135500000%214.0,chr2,135500000,135500001
chr2%137500000%233.0,chr2,137500000,137500001
chr2%138500000%231.0,chr2,138500000,138500001
chr2%139500000%202.0,chr2,139500000,139500001
chr2%140500000%253.0,chr2,140500000,140500001
chr2%142500000%233.0,chr2,142500000,142500001
chr2%143500000%228.0,chr2,143500000,143500001
chr2%146500000%226.0,chr2,146500000,146500001
chr2%148500000%221.0,chr2,148500000,148500001
chr2%150500000%222.0,chr2,150500000,150500001
chr2%163500000%207.0,chr2,163500000,163500001
chr2%168500000%235.0,chr2,168500000,168500001
chr2%169500000%216.0,chr2,169500000,169500001
chr2%171500000%205.0,chr2,171500000,171500001
chr2%177500000%217.0,chr2,177500000,177500001
chr2%180500000%222.0,chr2,180500000,180500001
chr2%181500000%209.0,chr2,181500000,181500001
chr2%182500000%211.0,chr2,182500000,182500001
chr2%194500000%201.0,chr2,194500000,194500001
chr2%211500000%206.0,chr2,211500000,211500001
chr2%212500000%212.0,chr2,212500000,212500001
chr2%213500000%201.0,chr2,213500000,213500001
chr2%214500000%223.0,chr2,214500000,214500001
chr2%217500000%210.0,chr2,217500000,217500001
chr2%218500000%221.0,chr2,218500000,218500001
chr2%220500000%201.0,chr2,220500000,220500001
chr2%222500000%211.0,chr2,222500000,222500001
chr2%231500000%213.0,chr2,231500000,231500001
chr2%249500000%206.0,chr2,249500000,249500001
chr2%251500000%242.0,chr2,251500000,251500001
chr2%260500000%266.0,chr2,260500000,260500001
chr2%261500000%213.0,chr2,261500000,261500001
chr2%262500000%257.0,chr2,262500000,262500001
chr2%263500000%227.0,chr2,263500000,263500001
chr2%264500000%221.0,chr2,264500000,264500001
chr2%265500000%233.0,chr2,265500000,265500001
chr2%269500000%227.0,chr2,269500000,269500001
chr2%273500000%245.0,chr2,273500000,273500001
chr2%274500000%212.0,chr2,274500000,274500001
chr2%276500000%207.0,chr2,276500000,276500001
chr2%277500000%229.0,chr2,277500000,277500001
chr2%279500000%208.0,chr2,279500000,279500001
chr2%280500000%220.0,chr2,280500000,280500001
chr2%281500000%205.0,chr2,281500000,281500001
chr2%282500000%238.0,chr2,282500000,282500001
chr2%283500000%211.0,chr2,283500000,283500001
chr2%285500000%248.0,chr2,285500000,285500001
chr2%286500000%263.0,chr2,286500000,286500001
chr2%287500000%239.0,chr2,287500000,287500001
chr2%288500000%246.0,chr2,288500000,288500001
chr2%289500000%247.0,chr2,289500000,289500001
chr2%290500000%260.0,chr2,290500000,290500001
chr2%291500000%247.0,chr2,291500000,291500001
chr2%292500000%205.0,chr2,292500000,292500001
chr2%295500000%215.0,chr2,295500000,295500001
chr2%296500000%204.0,chr2,296500000,296500001
chr2%297500000%255.0,chr2,297500000,297500001
chr2%298500000%271.0,chr2,298500000,298500001
chr2%299500000%212.0,chr2,299500000,299500001
chr2%300500000%211.0,chr2,300500000,300500001
chr2%304500000%205.0,chr2,304500000,304500001
chr2%306500000%211.0,chr2,306500000,306500001
chr2%308500000%230.0,chr2,308500000,308500001
chr2%309500000%276.0,chr2,309500000,309500001
chr2%310500000%290.0,chr2,310500000,310500001
chr2%311500000%215.0,chr2,311500000,311500001
chr2%312500000%244.0,chr2,312500000,312500001
chr2%313500000%229.0,chr2,313500000,313500001
chr2%314500000%224.0,chr2,314500000,314500001
chr2%315500000%206.0,chr2,315500000,315500001
chr2%316500000%260.0,chr2,316500000,316500001
chr2%318500000%288.0,chr2,318500000,318500001
chr2%319500000%287.0,chr2,319500000,319500001
chr2%320500000%291.0,chr2,320500000,320500001
chr2%321500000%256.0,chr2,321500000,321500001
chr2%322500000%250.0,chr2,322500000,322500001
chr2%324500000%220.0,chr2,324500000,324500001
chr2%325500000%217.0,chr2,325500000,325500001
chr2%326500000%207.0,chr2,326500000,326500001
chr2%327500000%251.0,chr2,327500000,327500001
chr2%328500000%213.0,chr2,328500000,328500001
chr2%329500000%233.0,chr2,329500000,329500001
chr2%330500000%263.0,chr2,330500000,330500001
chr2%331500000%201.0,chr2,331500000,331500001
chr2%332500000%209.0,chr2,332500000,332500001
chr2%333500000%232.0,chr2,333500000,333500001
chr2%334500000%238.0,chr2,334500000,334500001
chr2%335500000%239.0,chr2,335500000,335500001
chr2%336500000%210.0,chr2,336500000,336500001
chr2%337500000%252.0,chr2,337500000,337500001
chr2%338500000%297.0,chr2,338500000,338500001
chr2%339500000%238.0,chr2,339500000,339500001
chr2%340500000%215.0,chr2,340500000,340500001
chr2%341500000%221.0,chr2,341500000,341500001
chr2%342500000%263.0,chr2,342500000,342500001
chr2%343500000%213.0,chr2,343500000,343500001
chr2%344500000%255.0,chr2,344500000,344500001
chr2%345500000%247.0,chr2,345500000,345500001
chr2%346500000%275.0,chr2,346500000,346500001
chr2%347500000%284.0,chr2,347500000,347500001
chr2%348500000%306.0,chr2,348500000,348500001
chr2%349500000%225.0,chr2,349500000,349500001
chr2%350500000%269.0,chr2,350500000,350500001
chr2%351500000%241.0,chr2,351500000,351500001
chr2%352500000%286.0,chr2,352500000,352500001
chr2%353500000%262.0,chr2,353500000,353500001
chr2%354500000%263.0,chr2,354500000,354500001
chr2%355500000%257.0,chr2,355500000,355500001
chr2%356500000%267.0,chr2,356500000,356500001
chr2%358500000%242.0,chr2,358500000,358500001
chr2%360500000%240.0,chr2,360500000,360500001
chr2%361500000%227.0,chr2,361500000,361500001
chr2%362500000%246.0,chr2,362500000,362500001
chr2%363500000%254.0,chr2,363500000,363500001
chr2%364500000%252.0,chr2,364500000,364500001
chr2%365500000%265.0,chr2,365500000,365500001
chr2%366500000%278.0,chr2,366500000,366500001
chr2%367500000%271.0,chr2,367500000,367500001
chr2%368500000%292.0,chr2,368500000,368500001
chr2%369500000%234.0,chr2,369500000,369500001
chr2%370500000%278.0,chr2,370500000,370500001
chr2%371500000%248.0,chr2,371500000,371500001
chr2%372500000%274.0,chr2,372500000,372500001
chr2%373500000%274.0,chr2,373500000,373500001
chr2%374500000%309.0,chr2,374500000,374500001
chr2%375500000%314.0,chr2,375500000,375500001
chr2%376500000%281.0,chr2,376500000,376500001
chr2%377500000%317.0,chr2,377500000,377500001
chr2%378500000%308.0,chr2,378500000,378500001
chr2%379500000%319.0,chr2,379500000,379500001
chr2%380500000%234.0,chr2,380500000,380500001
chr2%381500000%304.0,chr2,381500000,381500001
chr2%382500000%279.0,chr2,382500000,382500001
chr2%383500000%265.0,chr2,383500000,383500001
chr2%384500000%290.0,chr2,384500000,384500001
chr2%385500000%251.0,chr2,385500000,385500001
chr2%386500000%269.0,chr2,386500000,386500001
chr2%387500000%323.0,chr2,387500000,387500001
chr2%388500000%214.0,chr2,388500000,388500001
chr2%389500000%289.0,chr2,389500000,389500001
chr2%390500000%256.0,chr2,390500000,390500001
chr2%391500000%256.0,chr2,391500000,391500001
chr2%393500000%242.0,chr2,393500000,393500001
chr2%394500000%232.0,chr2,394500000,394500001
chr2%397500000%253.0,chr2,397500000,397500001
chr2%398500000%284.0,chr2,398500000,398500001
chr2%400500000%264.0,chr2,400500000,400500001
chr2%401500000%235.0,chr2,401500000,401500001
chr2%402500000%228.0,chr2,402500000,402500001
chr2%403500000%259.0,chr2,403500000,403500001
chr2%404500000%221.0,chr2,404500000,404500001
chr2%405500000%219.0,chr2,405500000,405500001
chr2%406500000%241.0,chr2,406500000,406500001
chr2%407500000%252.0,chr2,407500000,407500001
chr2%409500000%216.0,chr2,409500000,409500001
chr2%410500000%242.0,chr2,410500000,410500001
chr2%411500000%214.0,chr2,411500000,411500001
chr2%412500000%229.0,chr2,412500000,412500001
chr2%413500000%242.0,chr2,413500000,413500001
chr2%414500000%221.0,chr2,414500000,414500001
chr2%416500000%228.0,chr2,416500000,416500001
chr2%417500000%215.0,chr2,417500000,417500001
chr2%418500000%321.0,chr2,418500000,418500001
chr2%419500000%264.0,chr2,419500000,419500001
chr2%420500000%307.0,chr2,420500000,420500001
chr2%421500000%241.0,chr2,421500000,421500001
chr2%422500000%243.0,chr2,422500000,422500001
chr2%423500000%224.0,chr2,423500000,423500001
chr2%424500000%282.0,chr2,424500000,424500001
chr2%425500000%264.0,chr2,425500000,425500001
chr2%426500000%309.0,chr2,426500000,426500001
chr2%427500000%326.0,chr2,427500000,427500001
chr2%428500000%337.0,chr2,428500000,428500001
chr2%429500000%235.0,chr2,429500000,429500001
chr2%430500000%317.0,chr2,430500000,430500001
chr2%431500000%302.0,chr2,431500000,431500001
chr2%432500000%243.0,chr2,432500000,432500001
chr2%433500000%251.0,chr2,433500000,433500001
chr2%434500000%348.0,chr2,434500000,434500001
chr2%435500000%245.0,chr2,435500000,435500001
chr2%436500000%261.0,chr2,436500000,436500001
chr2%437500000%205.0,chr2,437500000,437500001
chr2%438500000%307.0,chr2,438500000,438500001
chr2%439500000%221.0,chr2,439500000,439500001
chr2%440500000%306.0,chr2,440500000,440500001
chr2%442500000%260.0,chr2,442500000,442500001
chr2%443500000%211.0,chr2,443500000,443500001
chr2%444500000%300.0,chr2,444500000,444500001
chr2%445500000%253.0,chr2,445500000,445500001
chr2%446500000%257.0,chr2,446500000,446500001
chr2%447500000%331.0,chr2,447500000,447500001
chr2%448500000%245.0,chr2,448500000,448500001
chr2%449500000%219.0,chr2,449500000,449500001
chr2%450500000%298.0,chr2,450500000,450500001
chr2%451500000%296.0,chr2,451500000,451500001
chr2%452500000%265.0,chr2,452500000,452500001
chr2%453500000%248.0,chr2,453500000,453500001
chr2%457500000%282.0,chr2,457500000,457500001
chr2%458500000%214.0,chr2,458500000,458500001
chr2%459500000%222.0,chr2,459500000,459500001
chr2%460500000%213.0,chr2,460500000,460500001
chr2%461500000%213.0,chr2,461500000,461500001
chr3%1500000%217.0,chr3,1500000,1500001
chr3%2500000%265.0,chr3,2500000,2500001
chr3%3500000%281.0,chr3,3500000,3500001
chr3%4500000%348.0,chr3,4500000,4500001
chr3%5500000%264.0,chr3,5500000,5500001
chr3%6500000%285.0,chr3,6500000,6500001
chr3%7500000%305.0,chr3,7500000,7500001
chr3%8500000%394.0,chr3,8500000,8500001
chr3%9500000%409.0,chr3,9500000,9500001
chr3%10500000%387.0,chr3,10500000,10500001
chr3%11500000%429.0,chr3,11500000,11500001
chr3%12500000%366.0,chr3,12500000,12500001
chr3%13500000%436.0,chr3,13500000,13500001
chr3%14500000%490.0,chr3,14500000,14500001
chr3%15500000%388.0,chr3,15500000,15500001
chr3%16500000%500.0,chr3,16500000,16500001
chr3%17500000%379.0,chr3,17500000,17500001
chr3%18500000%433.0,chr3,18500000,18500001
chr3%19500000%402.0,chr3,19500000,19500001
chr3%20500000%414.0,chr3,20500000,20500001
chr3%21500000%502.0,chr3,21500000,21500001
chr3%22500000%459.0,chr3,22500000,22500001
chr3%23500000%341.0,chr3,23500000,23500001
chr3%24500000%410.0,chr3,24500000,24500001
chr3%25500000%394.0,chr3,25500000,25500001
chr3%26500000%337.0,chr3,26500000,26500001
chr3%27500000%280.0,chr3,27500000,27500001
chr3%28500000%357.0,chr3,28500000,28500001
chr3%29500000%332.0,chr3,29500000,29500001
chr3%30500000%401.0,chr3,30500000,30500001
chr3%31500000%398.0,chr3,31500000,31500001
chr3%32500000%440.0,chr3,32500000,32500001
chr3%33500000%340.0,chr3,33500000,33500001
chr3%34500000%421.0,chr3,34500000,34500001
chr3%35500000%282.0,chr3,35500000,35500001
chr3%36500000%279.0,chr3,36500000,36500001
chr3%37500000%333.0,chr3,37500000,37500001
chr3%38500000%410.0,chr3,38500000,38500001
chr3%39500000%386.0,chr3,39500000,39500001
chr3%40500000%408.0,chr3,40500000,40500001
chr3%41500000%370.0,chr3,41500000,41500001
chr3%42500000%378.0,chr3,42500000,42500001
chr3%43500000%307.0,chr3,43500000,43500001
chr3%44500000%251.0,chr3,44500000,44500001
chr3%45500000%298.0,chr3,45500000,45500001
chr3%46500000%363.0,chr3,46500000,46500001
chr3%47500000%345.0,chr3,47500000,47500001
chr3%48500000%312.0,chr3,48500000,48500001
chr3%49500000%253.0,chr3,49500000,49500001
chr3%50500000%341.0,chr3,50500000,50500001
chr3%51500000%313.0,chr3,51500000,51500001
chr3%52500000%285.0,chr3,52500000,52500001
chr3%53500000%288.0,chr3,53500000,53500001
chr3%54500000%239.0,chr3,54500000,54500001
chr3%55500000%242.0,chr3,55500000,55500001
chr3%56500000%217.0,chr3,56500000,56500001
chr3%57500000%312.0,chr3,57500000,57500001
chr3%58500000%292.0,chr3,58500000,58500001
chr3%59500000%257.0,chr3,59500000,59500001
chr3%60500000%303.0,chr3,60500000,60500001
chr3%61500000%252.0,chr3,61500000,61500001
chr3%62500000%267.0,chr3,62500000,62500001
chr3%63500000%267.0,chr3,63500000,63500001
chr3%64500000%243.0,chr3,64500000,64500001
chr3%65500000%276.0,chr3,65500000,65500001
chr3%66500000%288.0,chr3,66500000,66500001
chr3%67500000%271.0,chr3,67500000,67500001
chr3%68500000%220.0,chr3,68500000,68500001
chr3%69500000%235.0,chr3,69500000,69500001
chr3%70500000%270.0,chr3,70500000,70500001
chr3%71500000%278.0,chr3,71500000,71500001
chr3%72500000%257.0,chr3,72500000,72500001
chr3%73500000%269.0,chr3,73500000,73500001
chr3%74500000%255.0,chr3,74500000,74500001
chr3%75500000%269.0,chr3,75500000,75500001
chr3%76500000%273.0,chr3,76500000,76500001
chr3%77500000%223.0,chr3,77500000,77500001
chr3%78500000%203.0,chr3,78500000,78500001
chr3%79500000%239.0,chr3,79500000,79500001
chr3%81500000%213.0,chr3,81500000,81500001
chr3%83500000%242.0,chr3,83500000,83500001
chr3%88500000%251.0,chr3,88500000,88500001
chr3%93500000%209.0,chr3,93500000,93500001
chr3%96500000%203.0,chr3,96500000,96500001
chr3%99500000%218.0,chr3,99500000,99500001
chr3%101500000%216.0,chr3,101500000,101500001
chr3%102500000%206.0,chr3,102500000,102500001
chr3%103500000%236.0,chr3,103500000,103500001
chr3%108500000%205.0,chr3,108500000,108500001
chr3%111500000%215.0,chr3,111500000,111500001
chr3%112500000%233.0,chr3,112500000,112500001
chr3%113500000%233.0,chr3,113500000,113500001
chr3%117500000%209.0,chr3,117500000,117500001
chr3%118500000%232.0,chr3,118500000,118500001
chr3%120500000%227.0,chr3,120500000,120500001
chr3%121500000%218.0,chr3,121500000,121500001
chr3%122500000%239.0,chr3,122500000,122500001
chr3%125500000%205.0,chr3,125500000,125500001
chr3%128500000%263.0,chr3,128500000,128500001
chr3%129500000%237.0,chr3,129500000,129500001
chr3%131500000%206.0,chr3,131500000,131500001
chr3%134500000%246.0,chr3,134500000,134500001
chr3%135500000%214.0,chr3,135500000,135500001
chr3%137500000%233.0,chr3,137500000,137500001
chr3%138500000%231.0,chr3,138500000,138500001
chr3%139500000%202.0,chr3,139500000,139500001
chr3%140500000%253.0,chr3,140500000,140500001
chr3%142500000%233.0,chr3,142500000,142500001
chr3%143500000%228.0,chr3,143500000,143500001
chr3%146500000%226.0,chr3,146500000,146500001
chr3%148500000%221.0,chr3,148500000,148500001
chr3%150500000%222.0,chr3,150500000,150500001
chr3%163500000%207.0,chr3,163500000,163500001
chr3%168500000%235.0,chr3,168500000,168500001
chr3%169500000%216.0,chr3,169500000,169500001
chr3%171500000%205.0,chr3,171500000,171500001
chr3%177500000%217.0,chr3,177500000,177500001
chr3%180500000%222.0,chr3,180500000,180500001
chr3%181500000%209.0,chr3,181500000,181500001
chr3%182500000%211.0,chr3,182500000,182500001
chr3%194500000%201.0,chr3,194500000,194500001
chr3%211500000%206.0,chr3,211500000,211500001
chr3%212500000%212.0,chr3,212500000,212500001
chr3%213500000%201.0,chr3,213500000,213500001
chr3%214500000%223.0,chr3,214500000,214500001
chr3%217500000%210.0,chr3,217500000,217500001
chr3%218500000%221.0,chr3,218500000,218500001
chr3%220500000%201.0,chr3,220500000,220500001
chr3%222500000%211.0,chr3,222500000,222500001
chr3%231500000%213.0,chr3,231500000,231500001
chr3%249500000%206.0,chr3,249500000,249500001
chr3%251500000%242.0,chr3,251500000,251500001
chr3%260500000%266.0,chr3,260500000,260500001
chr3%261500000%213.0,chr3,261500000,261500001
chr3%262500000%257.0,chr3,262500000,262500001
chr3%263500000%227.0,chr3,263500000,263500001
chr3%264500000%221.0,chr3,264500000,264500001
chr3%265500000%233.0,chr3,265500000,265500001
chr3%269500000%227.0,chr3,269500000,269500001
chr3%273500000%245.0,chr3,273500000,273500001
chr3%274500000%212.0,chr3,274500000,274500001
chr3%276500000%207.0,chr3,276500000,276500001
chr3%277500000%229.0,chr3,277500000,277500001
chr3%279500000%208.0,chr3,279500000,279500001
chr3%280500000%220.0,chr3,280500000,280500001
chr3%281500000%205.0,chr3,281500000,281500001
chr3%282500000%238.0,chr3,282500000,282500001
chr3%283500000%211.0,chr3,283500000,283500001
chr3%285500000%248.0,chr3,285500000,285500001
chr3%286500000%263.0,chr3,286500000,286500001
chr3%287500000%239.0,chr3,287500000,287500001
chr3%288500000%246.0,chr3,288500000,288500001
chr3%289500000%247.0,chr3,289500000,289500001
chr3%290500000%260.0,chr3,290500000,290500001
chr3%291500000%247.0,chr3,291500000,291500001
chr3%292500000%205.0,chr3,292500000,292500001
chr3%295500000%215.0,chr3,295500000,295500001
chr3%296500000%204.0,chr3,296500000,296500001
chr3%297500000%255.0,chr3,297500000,297500001
chr3%298500000%271.0,chr3,298500000,298500001
chr3%299500000%212.0,chr3,299500000,299500001
chr3%300500000%211.0,chr3,300500000,300500001
chr3%304500000%205.0,chr3,304500000,304500001
chr3%306500000%211.0,chr3,306500000,306500001
chr3%308500000%230.0,chr3,308500000,308500001
chr3%309500000%276.0,chr3,309500000,309500001
chr3%310500000%290.0,chr3,310500000,310500001
chr3%311500000%215.0,chr3,311500000,311500001
chr3%312500000%244.0,chr3,312500000,312500001
chr3%313500000%229.0,chr3,313500000,313500001
chr3%314500000%224.0,chr3,314500000,314500001
chr3%315500000%206.0,chr3,315500000,315500001
chr3%316500000%260.0,chr3,316500000,316500001
chr3%318500000%288.0,chr3,318500000,318500001
chr3%319500000%287.0,chr3,319500000,319500001
chr3%320500000%291.0,chr3,320500000,320500001
chr3%321500000%256.0,chr3,321500000,321500001
chr3%322500000%250.0,chr3,322500000,322500001
chr3%324500000%220.0,chr3,324500000,324500001
chr3%325500000%217.0,chr3,325500000,325500001
chr3%326500000%207.0,chr3,326500000,326500001
chr3%327500000%251.0,chr3,327500000,327500001
chr3%328500000%213.0,chr3,328500000,328500001
chr3%329500000%233.0,chr3,329500000,329500001
chr3%330500000%263.0,chr3,330500000,330500001
chr3%331500000%201.0,chr3,331500000,331500001
chr3%332500000%209.0,chr3,332500000,332500001
chr3%333500000%232.0,chr3,333500000,333500001
chr3%334500000%238.0,chr3,334500000,334500001
chr3%335500000%239.0,chr3,335500000,335500001
chr3%336500000%210.0,chr3,336500000,336500001
chr3%337500000%252.0,chr3,337500000,337500001
chr3%338500000%297.0,chr3,338500000,338500001
chr3%339500000%238.0,chr3,339500000,339500001
chr3%340500000%215.0,chr3,340500000,340500001
chr3%341500000%221.0,chr3,341500000,341500001
chr3%342500000%263.0,chr3,342500000,342500001
chr3%343500000%213.0,chr3,343500000,343500001
chr3%344500000%255.0,chr3,344500000,344500001
chr3%345500000%247.0,chr3,345500000,345500001
chr3%346500000%275.0,chr3,346500000,346500001
chr3%347500000%284.0,chr3,347500000,347500001
chr3%348500000%306.0,chr3,348500000,348500001
chr3%349500000%225.0,chr3,349500000,349500001
chr3%350500000%269.0,chr3,350500000,350500001
chr3%351500000%241.0,chr3,351500000,351500001
chr3%352500000%286.0,chr3,352500000,352500001
chr3%353500000%262.0,chr3,353500000,353500001
chr3%354500000%263.0,chr3,354500000,354500001
chr3%355500000%257.0,chr3,355500000,355500001
chr3%356500000%267.0,chr3,356500000,356500001
chr3%358500000%242.0,chr3,358500000,358500001
chr3%360500000%240.0,chr3,360500000,360500001
chr3%361500000%227.0,chr3,361500000,361500001
chr3%362500000%246.0,chr3,362500000,362500001
chr3%363500000%254.0,chr3,363500000,363500001
chr3%364500000%252.0,chr3,364500000,364500001
chr3%365500000%265.0,chr3,365500000,365500001
chr3%366500000%278.0,chr3,366500000,366500001
chr3%367500000%271.0,chr3,367500000,367500001
chr3%368500000%292.0,chr3,368500000,368500001
chr3%369500000%234.0,chr3,369500000,369500001
chr3%370500000%278.0,chr3,370500000,370500001
chr3%371500000%248.0,chr3,371500000,371500001
chr3%372500000%274.0,chr3,372500000,372500001
chr3%373500000%274.0,chr3,373500000,373500001
chr3%374500000%309.0,chr3,374500000,374500001
chr3%375500000%314.0,chr3,375500000,375500001
chr3%376500000%281.0,chr3,376500000,376500001
chr3%377500000%317.0,chr3,377500000,377500001
chr3%378500000%308.0,chr3,378500000,378500001
chr3%379500000%319.0,chr3,379500000,379500001
chr3%380500000%234.0,chr3,380500000,380500001
chr3%381500000%304.0,chr3,381500000,381500001
chr3%382500000%279.0,chr3,382500000,382500001
chr3%383500000%265.0,chr3,383500000,383500001
chr3%384500000%290.0,chr3,384500000,384500001
chr3%385500000%251.0,chr3,385500000,385500001
chr3%386500000%269.0,chr3,386500000,386500001
chr3%387500000%323.0,chr3,387500000,387500001
chr3%388500000%214.0,chr3,388500000,388500001
chr3%389500000%289.0,chr3,389500000,389500001
chr3%390500000%256.0,chr3,390500000,390500001
chr3%391500000%256.0,chr3,391500000,391500001
chr3%393500000%242.0,chr3,393500000,393500001
chr3%394500000%232.0,chr3,394500000,394500001
chr3%397500000%253.0,chr3,397500000,397500001
chr3%398500000%284.0,chr3,398500000,398500001
chr3%400500000%264.0,chr3,400500000,400500001
chr3%401500000%235.0,chr3,401500000,401500001
chr3%402500000%228.0,chr3,402500000,402500001
chr3%403500000%259.0,chr3,403500000,403500001
chr3%404500000%221.0,chr3,404500000,404500001
chr3%405500000%219.0,chr3,405500000,405500001
chr3%406500000%241.0,chr3,406500000,406500001
chr3%407500000%252.0,chr3,407500000,407500001
chr3%409500000%216.0,chr3,409500000,409500001
chr3%410500000%242.0,chr3,410500000,410500001
chr3%411500000%214.0,chr3,411500000,411500001
chr3%412500000%229.0,chr3,412500000,412500001
chr3%413500000%242.0,chr3,413500000,413500001
chr3%414500000%221.0,chr3,414500000,414500001
chr3%416500000%228.0,chr3,416500000,416500001
chr3%417500000%215.0,chr3,417500000,417500001
chr3%418500000%321.0,chr3,418500000,418500001
chr3%419500000%264.0,chr3,419500000,419500001
chr3%420500000%307.0,chr3,420500000,420500001
chr3%421500000%241.0,chr3,421500000,421500001
chr3%422500000%243.0,chr3,422500000,422500001
chr3%423500000%224.0,chr3,423500000,423500001
chr3%424500000%282.0,chr3,424500000,424500001
chr3%425500000%264.0,chr3,425500000,425500001
chr3%426500000%309.0,chr3,426500000,426500001
chr3%427500000%326.0,chr3,427500000,427500001
chr3%428500000%337.0,chr3,428500000,428500001
chr3%429500000%235.0,chr3,429500000,429500001
chr3%430500000%317.0,chr3,430500000,430500001
chr3%431500000%302.0,chr3,431500000,431500001
chr3%432500000%243.0,chr3,432500000,432500001
chr3%433500000%251.0,chr3,433500000,433500001
chr3%434500000%348.0,chr3,434500000,434500001
chr3%435500000%245.0,chr3,435500000,435500001
chr3%436500000%261.0,chr3,436500000,436500001
chr3%437500000%205.0,chr3,437500000,437500001
chr3%438500000%307.0,chr3,438500000,438500001
chr3%439500000%221.0,chr3,439500000,439500001
chr3%440500000%306.0,chr3,440500000,440500001
chr3%442500000%260.0,chr3,442500000,442500001
chr3%443500000%211.0,chr3,443500000,443500001
chr3%444500000%300.0,chr3,444500000,444500001
chr3%445500000%253.0,chr3,445500000,445500001
chr3%446500000%257.0,chr3,446500000,446500001
chr3%447500000%331.0,chr3,447500000,447500001
chr3%448500000%245.0,chr3,448500000,448500001
chr3%449500000%219.0,chr3,449500000,449500001
chr3%450500000%298.0,chr3,450500000,450500001
chr3%451500000%296.0,chr3,451500000,451500001
chr3%452500000%265.0,chr3,452500000,452500001
chr3%453500000%248.0,chr3,453500000,453500001
chr3%457500000%282.0,chr3,457500000,457500001
chr3%458500000%214.0,chr3,458500000,458500001
chr3%459500000%222.0,chr3,459500000,459500001
chr3%460500000%213.0,chr3,460500000,460500001
chr3%461500000%213.0,chr3,461500000,461500001
chr4%1500000%217.0,chr4,1500000,1500001
chr4%2500000%265.0,chr4,2500000,2500001
chr4%3500000%281.0,chr4,3500000,3500001
chr4%4500000%348.0,chr4,4500000,4500001
chr4%5500000%264.0,chr4,5500000,5500001
chr4%6500000%285.0,chr4,6500000,6500001
chr4%7500000%305.0,chr4,7500000,7500001
chr4%8500000%394.0,chr4,8500000,8500001
chr4%9500000%409.0,chr4,9500000,9500001
chr4%10500000%387.0,chr4,10500000,10500001
chr4%11500000%429.0,chr4,11500000,11500001
chr4%12500000%366.0,chr4,12500000,12500001
chr4%13500000%436.0,chr4,13500000,13500001
chr4%14500000%490.0,chr4,14500000,14500001
chr4%15500000%388.0,chr4,15500000,15500001
chr4%16500000%500.0,chr4,16500000,16500001
chr4%17500000%379.0,chr4,17500000,17500001
chr4%18500000%433.0,chr4,18500000,18500001
chr4%19500000%402.0,chr4,19500000,19500001
chr4%20500000%414.0,chr4,20500000,20500001
chr4%21500000%502.0,chr4,21500000,21500001
chr4%22500000%459.0,chr4,22500000,22500001
chr4%23500000%341.0,chr4,23500000,23500001
chr4%24500000%410.0,chr4,24500000,24500001
chr4%25500000%394.0,chr4,25500000,25500001
chr4%26500000%337.0,chr4,26500000,26500001
chr4%27500000%280.0,chr4,27500000,27500001
chr4%28500000%357.0,chr4,28500000,28500001
chr4%29500000%332.0,chr4,29500000,29500001
chr4%30500000%401.0,chr4,30500000,30500001
chr4%31500000%398.0,chr4,31500000,31500001
chr4%32500000%440.0,chr4,32500000,32500001
chr4%33500000%340.0,chr4,33500000,33500001
chr4%34500000%421.0,chr4,34500000,34500001
chr4%35500000%282.0,chr4,35500000,35500001
chr4%36500000%279.0,chr4,36500000,36500001
chr4%37500000%333.0,chr4,37500000,37500001
chr4%38500000%410.0,chr4,38500000,38500001
chr4%39500000%386.0,chr4,39500000,39500001
chr4%40500000%408.0,chr4,40500000,40500001
chr4%41500000%370.0,chr4,41500000,41500001
chr4%42500000%378.0,chr4,42500000,42500001
chr4%43500000%307.0,chr4,43500000,43500001
chr4%44500000%251.0,chr4,44500000,44500001
chr4%45500000%298.0,chr4,45500000,45500001
chr4%46500000%363.0,chr4,46500000,46500001
chr4%47500000%345.0,chr4,47500000,47500001
chr4%48500000%312.0,chr4,48500000,48500001
chr4%49500000%253.0,chr4,49500000,49500001
chr4%50500000%341.0,chr4,50500000,50500001
chr4%51500000%313.0,chr4,51500000,51500001
chr4%52500000%285.0,chr4,52500000,52500001
chr4%53500000%288.0,chr4,53500000,53500001
chr4%54500000%239.0,chr4,54500000,54500001
chr4%55500000%242.0,chr4,55500000,55500001
chr4%56500000%217.0,chr4,56500000,56500001
chr4%57500000%312.0,chr4,57500000,57500001
chr4%58500000%292.0,chr4,58500000,58500001
chr4%59500000%257.0,chr4,59500000,59500001
chr4%60500000%303.0,chr4,60500000,60500001
chr4%61500000%252.0,chr4,61500000,61500001
chr4%62500000%267.0,chr4,62500000,62500001
chr4%63500000%267.0,chr4,63500000,63500001
chr4%64500000%243.0,chr4,64500000,64500001
chr4%65500000%276.0,chr4,65500000,65500001
chr4%66500000%288.0,chr4,66500000,66500001
chr4%67500000%271.0,chr4,67500000,67500001
chr4%68500000%220.0,chr4,68500000,68500001
chr4%69500000%235.0,chr4,69500000,69500001
chr4%70500000%270.0,chr4,70500000,70500001
chr4%71500000%278.0,chr4,71500000,71500001
chr4%72500000%257.0,chr4,72500000,72500001
chr4%73500000%269.0,chr4,73500000,73500001
chr4%74500000%255.0,chr4,74500000,74500001
chr4%75500000%269.0,chr4,75500000,75500001
chr4%76500000%273.0,chr4,76500000,76500001
chr4%77500000%223.0,chr4,77500000,77500001
chr4%78500000%203.0,chr4,78500000,78500001
chr4%79500000%239.0,chr4,79500000,79500001
chr4%81500000%213.0,chr4,81500000,81500001
chr4%83500000%242.0,chr4,83500000,83500001
chr4%88500000%251.0,chr4,88500000,88500001
chr4%93500000%209.0,chr4,93500000,93500001
chr4%96500000%203.0,chr4,96500000,96500001
chr4%99500000%218.0,chr4,99500000,99500001
chr4%101500000%216.0,chr4,101500000,101500001
chr4%102500000%206.0,chr4,102500000,102500001
chr4%103500000%236.0,chr4,103500000,103500001
chr4%108500000%205.0,chr4,108500000,108500001
chr4%111500000%215.0,chr4,111500000,111500001
chr4%112500000%233.0,chr4,112500000,112500001
chr4%113500000%233.0,chr4,113500000,113500001
chr4%117500000%209.0,chr4,117500000,117500001
chr4%118500000%232.0,chr4,118500000,118500001
chr4%120500000%227.0,chr4,120500000,120500001
chr4%121500000%218.0,chr4,121500000,121500001
chr4%122500000%239.0,chr4,122500000,122500001
chr4%125500000%205.0,chr4,125500000,125500001
chr4%128500000%263.0,chr4,128500000,128500001
chr4%129500000%237.0,chr4,129500000,129500001
chr4%131500000%206.0,chr4,131500000,131500001
chr4%134500000%246.0,chr4,134500000,134500001
chr4%135500000%214.0,chr4,135500000,135500001
chr4%137500000%233.0,chr4,137500000,137500001
chr4%138500000%231.0,chr4,138500000,138500001
chr4%139500000%202.0,chr4,139500000,139500001
chr4%140500000%253.0,chr4,140500000,140500001
chr4%142500000%233.0,chr4,142500000,142500001
chr4%143500000%228.0,chr4,143500000,143500001
chr4%146500000%226.0,chr4,146500000,146500001
chr4%148500000%221.0,chr4,148500000,148500001
chr4%150500000%222.0,chr4,150500000,150500001
chr4%163500000%207.0,chr4,163500000,163500001
chr4%168500000%235.0,chr4,168500000,168500001
chr4%169500000%216.0,chr4,169500000,169500001
chr4%171500000%205.0,chr4,171500000,171500001
chr4%177500000%217.0,chr4,177500000,177500001
chr4%180500000%222.0,chr4,180500000,180500001
chr4%181500000%209.0,chr4,181500000,181500001
chr4%182500000%211.0,chr4,182500000,182500001
chr4%194500000%201.0,chr4,194500000,194500001
chr4%211500000%206.0,chr4,211500000,211500001
chr4%212500000%212.0,chr4,212500000,212500001
chr4%213500000%201.0,chr4,213500000,213500001
chr4%214500000%223.0,chr4,214500000,214500001
chr4%217500000%210.0,chr4,217500000,217500001
chr4%218500000%221.0,chr4,218500000,218500001
chr4%220500000%201.0,chr4,220500000,220500001
chr4%222500000%211.0,chr4,222500000,222500001
chr4%231500000%213.0,chr4,231500000,231500001
chr4%249500000%206.0,chr4,249500000,249500001
chr4%251500000%242.0,chr4,251500000,251500001
chr4%260500000%266.0,chr4,260500000,260500001
chr4%261500000%213.0,chr4,261500000,261500001
chr4%262500000%257.0,chr4,262500000,262500001
chr4%263500000%227.0,chr4,263500000,263500001
chr4%264500000%221.0,chr4,264500000,264500001
chr4%265500000%233.0,chr4,265500000,265500001
chr4%269500000%227.0,chr4,269500000,269500001
chr4%273500000%245.0,chr4,273500000,273500001
chr4%274500000%212.0,chr4,274500000,274500001
chr4%276500000%207.0,chr4,276500000,276500001
chr4%277500000%229.0,chr4,277500000,277500001
chr4%279500000%208.0,chr4,279500000,279500001
chr4%280500000%220.0,chr4,280500000,280500001
chr4%281500000%205.0,chr4,281500000,281500001
chr4%282500000%238.0,chr4,282500000,282500001
chr4%283500000%211.0,chr4,283500000,283500001
chr4%285500000%248.0,chr4,285500000,285500001
chr4%286500000%263.0,chr4,286500000,286500001
chr4%287500000%239.0,chr4,287500000,287500001
chr4%288500000%246.0,chr4,288500000,288500001
chr4%289500000%247.0,chr4,289500000,289500001
chr4%290500000%260.0,chr4,290500000,290500001
chr4%291500000%247.0,chr4,291500000,291500001
chr4%292500000%205.0,chr4,292500000,292500001
chr4%295500000%215.0,chr4,295500000,295500001
chr4%296500000%204.0,chr4,296500000,296500001
chr4%297500000%255.0,chr4,297500000,297500001
chr4%298500000%271.0,chr4,298500000,298500001
chr4%299500000%212.0,chr4,299500000,299500001
chr4%300500000%211.0,chr4,300500000,300500001
chr4%304500000%205.0,chr4,304500000,304500001
chr4%306500000%211.0,chr4,306500000,306500001
chr4%308500000%230.0,chr4,308500000,308500001
chr4%309500000%276.0,chr4,309500000,309500001
chr4%310500000%290.0,chr4,310500000,310500001
chr4%311500000%215.0,chr4,311500000,311500001
chr4%312500000%244.0,chr4,312500000,312500001
chr4%313500000%229.0,chr4,313500000,313500001
chr4%314500000%224.0,chr4,314500000,314500001
chr4%315500000%206.0,chr4,315500000,315500001
chr4%316500000%260.0,chr4,316500000,316500001
chr4%318500000%288.0,chr4,318500000,318500001
chr4%319500000%287.0,chr4,319500000,319500001
chr4%320500000%291.0,chr4,320500000,320500001
chr4%321500000%256.0,chr4,321500000,321500001
chr4%322500000%250.0,chr4,322500000,322500001
chr4%324500000%220.0,chr4,324500000,324500001
chr4%325500000%217.0,chr4,325500000,325500001
chr4%326500000%207.0,chr4,326500000,326500001
chr4%327500000%251.0,chr4,327500000,327500001
chr4%328500000%213.0,chr4,328500000,328500001
chr4%329500000%233.0,chr4,329500000,329500001
chr4%330500000%263.0,chr4,330500000,330500001
chr4%331500000%201.0,chr4,331500000,331500001
chr4%332500000%209.0,chr4,332500000,332500001
chr4%333500000%232.0,chr4,333500000,333500001
chr4%334500000%238.0,chr4,334500000,334500001
chr4%335500000%239.0,chr4,335500000,335500001
chr4%336500000%210.0,chr4,336500000,336500001
chr4%337500000%252.0,chr4,337500000,337500001
chr4%338500000%297.0,chr4,338500000,338500001
chr4%339500000%238.0,chr4,339500000,339500001
chr4%340500000%215.0,chr4,340500000,340500001
chr4%341500000%221.0,chr4,341500000,341500001
chr4%342500000%263.0,chr4,342500000,342500001
chr4%343500000%213.0,chr4,343500000,343500001
chr4%344500000%255.0,chr4,344500000,344500001
chr4%345500000%247.0,chr4,345500000,345500001
chr4%346500000%275.0,chr4,346500000,346500001
chr4%347500000%284.0,chr4,347500000,347500001
chr4%348500000%306.0,chr4,348500000,348500001
chr4%349500000%225.0,chr4,349500000,349500001
chr4%350500000%269.0,chr4,350500000,350500001
chr4%351500000%241.0,chr4,351500000,351500001
chr4%352500000%286.0,chr4,352500000,352500001
chr4%353500000%262.0,chr4,353500000,353500001
chr4%354500000%263.0,chr4,354500000,354500001
chr4%355500000%257.0,chr4,355500000,355500001
chr4%356500000%267.0,chr4,356500000,356500001
chr4%358500000%242.0,chr4,358500000,358500001
chr4%360500000%240.0,chr4,360500000,360500001
chr4%361500000%227.0,chr4,361500000,361500001
chr4%362500000%246.0,chr4,362500000,362500001
chr4%363500000%254.0,chr4,363500000,363500001
chr4%364500000%252.0,chr4,364500000,364500001
chr4%365500000%265.0,chr4,365500000,365500001
chr4%366500000%278.0,chr4,366500000,366500001
chr4%367500000%271.0,chr4,367500000,367500001
chr4%368500000%292.0,chr4,368500000,368500001
chr4%369500000%234.0,chr4,369500000,369500001
chr4%370500000%278.0,chr4,370500000,370500001
chr4%371500000%248.0,chr4,371500000,371500001
chr4%372500000%274.0,chr4,372500000,372500001
chr4%373500000%274.0,chr4,373500000,373500001
chr4%374500000%309.0,chr4,374500000,374500001
chr4%375500000%314.0,chr4,375500000,375500001
chr4%376500000%281.0,chr4,376500000,376500001
chr4%377500000%317.0,chr4,377500000,377500001
chr4%378500000%308.0,chr4,378500000,378500001
chr4%379500000%319.0,chr4,379500000,379500001
chr4%380500000%234.0,chr4,380500000,380500001
chr4%381500000%304.0,chr4,381500000,381500001
chr4%382500000%279.0,chr4,382500000,382500001
chr4%383500000%265.0,chr4,383500000,383500001
chr4%384500000%290.0,chr4,384500000,384500001
chr4%385500000%251.0,chr4,385500000,385500001
chr4%386500000%269.0,chr4,386500000,386500001
chr4%387500000%323.0,chr4,387500000,387500001
chr4%388500000%214.0,chr4,388500000,388500001
chr4%389500000%289.0,chr4,389500000,389500001
chr4%390500000%256.0,chr4,390500000,390500001
chr4%391500000%256.0,chr4,391500000,391500001
chr4%393500000%242.0,chr4,393500000,393500001
chr4%394500000%232.0,chr4,394500000,394500001
chr4%397500000%253.0,chr4,397500000,397500001
chr4%398500000%284.0,chr4,398500000,398500001
chr4%400500000%264.0,chr4,400500000,400500001
chr4%401500000%235.0,chr4,401500000,401500001
chr4%402500000%228.0,chr4,402500000,402500001
chr4%403500000%259.0,chr4,403500000,403500001
chr4%404500000%221.0,chr4,404500000,404500001
chr4%405500000%219.0,chr4,405500000,405500001
chr4%406500000%241.0,chr4,406500000,406500001
chr4%407500000%252.0,chr4,407500000,407500001
chr4%409500000%216.0,chr4,409500000,409500001
chr4%410500000%242.0,chr4,410500000,410500001
chr4%411500000%214.0,chr4,411500000,411500001
chr4%412500000%229.0,chr4,412500000,412500001
chr4%413500000%242.0,chr4,413500000,413500001
chr4%414500000%221.0,chr4,414500000,414500001
chr4%416500000%228.0,chr4,416500000,416500001
chr4%417500000%215.0,chr4,417500000,417500001
chr4%418500000%321.0,chr4,418500000,418500001
chr4%419500000%264.0,chr4,419500000,419500001
chr4%420500000%307.0,chr4,420500000,420500001
chr4%421500000%241.0,chr4,421500000,421500001
chr4%422500000%243.0,chr4,422500000,422500001
chr4%423500000%224.0,chr4,423500000,423500001
chr4%424500000%282.0,chr4,424500000,424500001
chr4%425500000%264.0,chr4,425500000,425500001
chr4%426500000%309.0,chr4,426500000,426500001
chr4%427500000%326.0,chr4,427500000,427500001
chr4%428500000%337.0,chr4,428500000,428500001
chr4%429500000%235.0,chr4,429500000,429500001
chr4%430500000%317.0,chr4,430500000,430500001
chr4%431500000%302.0,chr4,431500000,431500001
chr4%432500000%243.0,chr4,432500000,432500001
chr4%433500000%251.0,chr4,433500000,433500001
chr4%434500000%348.0,chr4,434500000,434500001
chr4%435500000%245.0,chr4,435500000,435500001
chr4%436500000%261.0,chr4,436500000,436500001
chr4%437500000%205.0,chr4,437500000,437500001
chr4%438500000%307.0,chr4,438500000,438500001
chr4%439500000%221.0,chr4,439500000,439500001
chr4%440500000%306.0,chr4,440500000,440500001
chr4%442500000%260.0,chr4,442500000,442500001
chr4%443500000%211.0,chr4,443500000,443500001
chr4%444500000%300.0,chr4,444500000,444500001
chr4%445500000%253.0,chr4,445500000,445500001
chr4%446500000%257.0,chr4,446500000,446500001
chr4%447500000%331.0,chr4,447500000,447500001
chr4%448500000%245.0,chr4,448500000,448500001
chr4%449500000%219.0,chr4,449500000,449500001
chr4%450500000%298.0,chr4,450500000,450500001
chr4%451500000%296.0,chr4,451500000,451500001
chr4%452500000%265.0,chr4,452500000,452500001
chr4%453500000%248.0,chr4,453500000,453500001
chr5%1500000%217.0,chr5,1500000,1500001
chr5%2500000%265.0,chr5,2500000,2500001
chr5%3500000%281.0,chr5,3500000,3500001
chr5%4500000%348.0,chr5,4500000,4500001
chr5%5500000%264.0,chr5,5500000,5500001
chr5%6500000%285.0,chr5,6500000,6500001
chr5%7500000%305.0,chr5,7500000,7500001
chr5%8500000%394.0,chr5,8500000,8500001
chr5%9500000%409.0,chr5,9500000,9500001
chr5%10500000%387.0,chr5,10500000,10500001
chr5%11500000%429.0,chr5,11500000,11500001
chr5%12500000%366.0,chr5,12500000,12500001
chr5%13500000%436.0,chr5,13500000,13500001
chr5%14500000%490.0,chr5,14500000,14500001
chr5%15500000%388.0,chr5,15500000,15500001
chr5%16500000%500.0,chr5,16500000,16500001
chr5%17500000%379.0,chr5,17500000,17500001
chr5%18500000%433.0,chr5,18500000,18500001
chr5%19500000%402.0,chr5,19500000,19500001
chr5%20500000%414.0,chr5,20500000,20500001
chr5%21500000%502.0,chr5,21500000,21500001
chr5%22500000%459.0,chr5,22500000,22500001
chr5%23500000%341.0,chr5,23500000,23500001
chr5%24500000%410.0,chr5,24500000,24500001
chr5%25500000%394.0,chr5,25500000,25500001
chr5%26500000%337.0,chr5,26500000,26500001
chr5%27500000%280.0,chr5,27500000,27500001
chr5%28500000%357.0,chr5,28500000,28500001
chr5%29500000%332.0,chr5,29500000,29500001
chr5%30500000%401.0,chr5,30500000,30500001
chr5%31500000%398.0,chr5,31500000,31500001
chr5%32500000%440.0,chr5,32500000,32500001
chr5%33500000%340.0,chr5,33500000,33500001
chr5%34500000%421.0,chr5,34500000,34500001
chr5%35500000%282.0,chr5,35500000,35500001
chr5%36500000%279.0,chr5,36500000,36500001
chr5%37500000%333.0,chr5,37500000,37500001
chr5%38500000%410.0,chr5,38500000,38500001
chr5%39500000%386.0,chr5,39500000,39500001
chr5%40500000%408.0,chr5,40500000,40500001
chr5%41500000%370.0,chr5,41500000,41500001
chr5%42500000%378.0,chr5,42500000,42500001
chr5%43500000%307.0,chr5,43500000,43500001
chr5%44500000%251.0,chr5,44500000,44500001
chr5%45500000%298.0,chr5,45500000,45500001
chr5%46500000%363.0,chr5,46500000,46500001
chr5%47500000%345.0,chr5,47500000,47500001
chr5%48500000%312.0,chr5,48500000,48500001
chr5%49500000%253.0,chr5,49500000,49500001
chr5%50500000%341.0,chr5,50500000,50500001
chr5%51500000%313.0,chr5,51500000,51500001
chr5%52500000%285.0,chr5,52500000,52500001
chr5%53500000%288.0,chr5,53500000,53500001
chr5%54500000%239.0,chr5,54500000,54500001
chr5%55500000%242.0,chr5,55500000,55500001
chr5%56500000%217.0,chr5,56500000,56500001
chr5%57500000%312.0,chr5,57500000,57500001
chr5%58500000%292.0,chr5,58500000,58500001
chr5%59500000%257.0,chr5,59500000,59500001
chr5%60500000%303.0,chr5,60500000,60500001
chr5%61500000%252.0,chr5,61500000,61500001
chr5%62500000%267.0,chr5,62500000,62500001
chr5%63500000%267.0,chr5,63500000,63500001
chr5%64500000%243.0,chr5,64500000,64500001
chr5%65500000%276.0,chr5,65500000,65500001
chr5%66500000%288.0,chr5,66500000,66500001
chr5%67500000%271.0,chr5,67500000,67500001
chr5%68500000%220.0,chr5,68500000,68500001
chr5%69500000%235.0,chr5,69500000,69500001
chr5%70500000%270.0,chr5,70500000,70500001
chr5%71500000%278.0,chr5,71500000,71500001
chr5%72500000%257.0,chr5,72500000,72500001
chr5%73500000%269.0,chr5,73500000,73500001
chr5%74500000%255.0,chr5,74500000,74500001
chr5%75500000%269.0,chr5,75500000,75500001
chr5%76500000%273.0,chr5,76500000,76500001
chr5%77500000%223.0,chr5,77500000,77500001
chr5%78500000%203.0,chr5,78500000,78500001
chr5%79500000%239.0,chr5,79500000,79500001
chr5%81500000%213.0,chr5,81500000,81500001
chr5%83500000%242.0,chr5,83500000,83500001
chr5%88500000%251.0,chr5,88500000,88500001
chr5%93500000%209.0,chr5,93500000,93500001
chr5%96500000%203.0,chr5,96500000,96500001
chr5%99500000%218.0,chr5,99500000,99500001
chr5%101500000%216.0,chr5,101500000,101500001
chr5%102500000%206.0,chr5,102500000,102500001
chr5%103500000%236.0,chr5,103500000,103500001
chr5%108500000%205.0,chr5,108500000,108500001
chr5%111500000%215.0,chr5,111500000,111500001
chr5%112500000%233.0,chr5,112500000,112500001
chr5%113500000%233.0,chr5,113500000,113500001
chr5%117500000%209.0,chr5,117500000,117500001
chr5%118500000%232.0,chr5,118500000,118500001
chr5%120500000%227.0,chr5,120500000,120500001
chr5%121500000%218.0,chr5,121500000,121500001
chr5%122500000%239.0,chr5,122500000,122500001
chr5%125500000%205.0,chr5,125500000,125500001
chr5%128500000%263.0,chr5,128500000,128500001
chr5%129500000%237.0,chr5,129500000,129500001
chr5%131500000%206.0,chr5,131500000,131500001
chr5%134500000%246.0,chr5,134500000,134500001
chr5%135500000%214.0,chr5,135500000,135500001
chr5%137500000%233.0,chr5,137500000,137500001
chr5%138500000%231.0,chr5,138500000,138500001
chr5%139500000%202.0,chr5,139500000,139500001
chr5%140500000%253.0,chr5,140500000,140500001
chr5%142500000%233.0,chr5,142500000,142500001
chr5%143500000%228.0,chr5,143500000,143500001
chr5%146500000%226.0,chr5,146500000,146500001
chr5%148500000%221.0,chr5,148500000,148500001
chr5%150500000%222.0,chr5,150500000,150500001
chr5%163500000%207.0,chr5,163500000,163500001
chr5%168500000%235.0,chr5,168500000,168500001
chr5%169500000%216.0,chr5,169500000,169500001
chr5%171500000%205.0,chr5,171500000,171500001
chr5%177500000%217.0,chr5,177500000,177500001
chr5%180500000%222.0,chr5,180500000,180500001
chr5%181500000%209.0,chr5,181500000,181500001
chr5%182500000%211.0,chr5,182500000,182500001
chr5%194500000%201.0,chr5,194500000,194500001
chr5%211500000%206.0,chr5,211500000,211500001
chr5%212500000%212.0,chr5,212500000,212500001
chr5%213500000%201.0,chr5,213500000,213500001
chr5%214500000%223.0,chr5,214500000,214500001
chr5%217500000%210.0,chr5,217500000,217500001
chr5%218500000%221.0,chr5,218500000,218500001
chr5%220500000%201.0,chr5,220500000,220500001
chr5%222500000%211.0,chr5,222500000,222500001
chr5%231500000%213.0,chr5,231500000,231500001
chr5%249500000%206.0,chr5,249500000,249500001
chr5%251500000%242.0,chr5,251500000,251500001
chr5%260500000%266.0,chr5,260500000,260500001
chr5%261500000%213.0,chr5,261500000,261500001
chr5%262500000%257.0,chr5,262500000,262500001
chr5%263500000%227.0,chr5,263500000,263500001
chr5%264500000%221.0,chr5,264500000,264500001
chr5%265500000%233.0,chr5,265500000,265500001
chr5%269500000%227.0,chr5,269500000,269500001
chr5%273500000%245.0,chr5,273500000,273500001
chr5%274500000%212.0,chr5,274500000,274500001
chr5%276500000%207.0,chr5,276500000,276500001
chr5%277500000%229.0,chr5,277500000,277500001
chr5%279500000%208.0,chr5,279500000,279500001
chr5%280500000%220.0,chr5,280500000,280500001
chr5%281500000%205.0,chr5,281500000,281500001
chr5%282500000%238.0,chr5,282500000,282500001
chr5%283500000%211.0,chr5,283500000,283500001
chr5%285500000%248.0,chr5,285500000,285500001
chr5%286500000%263.0,chr5,286500000,286500001
chr5%287500000%239.0,chr5,287500000,287500001
chr5%288500000%246.0,chr5,288500000,288500001
chr5%289500000%247.0,chr5,289500000,289500001
chr5%290500000%260.0,chr5,290500000,290500001
chr5%291500000%247.0,chr5,291500000,291500001
chr5%292500000%205.0,chr5,292500000,292500001
chr5%295500000%215.0,chr5,295500000,295500001
chr5%296500000%204.0,chr5,296500000,296500001
chr5%297500000%255.0,chr5,297500000,297500001
chr5%298500000%271.0,chr5,298500000,298500001
chr5%299500000%212.0,chr5,299500000,299500001
chr5%300500000%211.0,chr5,300500000,300500001
chr5%304500000%205.0,chr5,304500000,304500001
chr5%306500000%211.0,chr5,306500000,306500001
chr5%308500000%230.0,chr5,308500000,308500001
chr5%309500000%276.0,chr5,309500000,309500001
chr5%310500000%290.0,chr5,310500000,310500001
chr5%311500000%215.0,chr5,311500000,311500001
chr5%312500000%244.0,chr5,312500000,312500001
chr5%313500000%229.0,chr5,313500000,313500001
chr5%314500000%224.0,chr5,314500000,314500001
chr5%315500000%206.0,chr5,315500000,315500001
chr5%316500000%260.0,chr5,316500000,316500001
chr5%318500000%288.0,chr5,318500000,318500001
chr5%319500000%287.0,chr5,319500000,319500001
chr5%320500000%291.0,chr5,320500000,320500001
chr5%321500000%256.0,chr5,321500000,321500001
chr5%322500000%250.0,chr5,322500000,322500001
chr5%324500000%220.0,chr5,324500000,324500001
chr5%325500000%217.0,chr5,325500000,325500001
chr5%326500000%207.0,chr5,326500000,326500001
chr5%327500000%251.0,chr5,327500000,327500001
chr5%328500000%213.0,chr5,328500000,328500001
chr5%329500000%233.0,chr5,329500000,329500001
chr5%330500000%263.0,chr5,330500000,330500001
chr5%331500000%201.0,chr5,331500000,331500001
chr5%332500000%209.0,chr5,332500000,332500001
chr5%333500000%232.0,chr5,333500000,333500001
chr5%334500000%238.0,chr5,334500000,334500001
chr5%335500000%239.0,chr5,335500000,335500001
chr5%336500000%210.0,chr5,336500000,336500001
chr5%337500000%252.0,chr5,337500000,337500001
chr5%338500000%297.0,chr5,338500000,338500001
chr5%339500000%238.0,chr5,339500000,339500001
chr5%340500000%215.0,chr5,340500000,340500001
chr5%341500000%221.0,chr5,341500000,341500001
chr5%342500000%263.0,chr5,342500000,342500001
chr5%343500000%213.0,chr5,343500000,343500001
chr5%344500000%255.0,chr5,344500000,344500001
chr5%345500000%247.0,chr5,345500000,345500001
chr5%346500000%275.0,chr5,346500000,346500001
chr5%347500000%284.0,chr5,347500000,347500001
chr5%348500000%306.0,chr5,348500000,348500001
chr5%349500000%225.0,chr5,349500000,349500001
chr5%350500000%269.0,chr5,350500000,350500001
chr5%351500000%241.0,chr5,351500000,351500001
chr5%352500000%286.0,chr5,352500000,352500001
chr5%353500000%262.0,chr5,353500000,353500001
chr5%354500000%263.0,chr5,354500000,354500001
chr5%355500000%257.0,chr5,355500000,355500001
chr5%356500000%267.0,chr5,356500000,356500001
chr5%358500000%242.0,chr5,358500000,358500001
chr5%360500000%240.0,chr5,360500000,360500001
chr5%361500000%227.0,chr5,361500000,361500001
chr5%362500000%246.0,chr5,362500000,362500001
chr5%363500000%254.0,chr5,363500000,363500001
chr5%364500000%252.0,chr5,364500000,364500001
chr5%365500000%265.0,chr5,365500000,365500001
chr5%366500000%278.0,chr5,366500000,366500001
chr5%367500000%271.0,chr5,367500000,367500001
chr5%368500000%292.0,chr5,368500000,368500001
chr5%369500000%234.0,chr5,369500000,369500001
chr5%370500000%278.0,chr5,370500000,370500001
chr5%371500000%248.0,chr5,371500000,371500001
chr5%372500000%274.0,chr5,372500000,372500001
chr5%373500000%274.0,chr5,373500000,373500001
chr5%374500000%309.0,chr5,374500000,374500001
chr5%375500000%314.0,chr5,375500000,375500001
chr5%376500000%281.0,chr5,376500000,376500001
chr5%377500000%317.0,chr5,377500000,377500001
chr5%378500000%308.0,chr5,378500000,378500001
chr5%379500000%319.0,chr5,379500000,379500001
chr5%380500000%234.0,chr5,380500000,380500001
chr5%381500000%304.0,chr5,381500000,381500001
chr5%382500000%279.0,chr5,382500000,382500001
chr5%383500000%265.0,chr5,383500000,383500001
chr5%384500000%290.0,chr5,384500000,384500001
chr5%385500000%251.0,chr5,385500000,385500001
chr5%386500000%269.0,chr5,386500000,386500001
chr5%387500000%323.0,chr5,387500000,387500001
chr5%388500000%214.0,chr5,388500000,388500001
chr5%389500000%289.0,chr5,389500000,389500001
chr5%390500000%256.0,chr5,390500000,390500001
chr5%391500000%256.0,chr5,391500000,391500001
chr5%393500000%242.0,chr5,393500000,393500001
chr5%394500000%232.0,chr5,394500000,394500001
chr5%397500000%253.0,chr5,397500000,397500001
chr5%398500000%284.0,chr5,398500000,398500001
chr5%400500000%264.0,chr5,400500000,400500001
chr5%401500000%235.0,chr5,401500000,401500001
chr5%402500000%228.0,chr5,402500000,402500001
chr5%403500000%259.0,chr5,403500000,403500001
chr5%404500000%221.0,chr5,404500000,404500001
chr5%405500000%219.0,chr5,405500000,405500001
chr5%406500000%241.0,chr5,406500000,406500001
chr5%407500000%252.0,chr5,407500000,407500001
chr5%409500000%216.0,chr5,409500000,409500001
chr5%410500000%242.0,chr5,410500000,410500001
chr5%411500000%214.0,chr5,411500000,411500001
chr5%412500000%229.0,chr5,412500000,412500001
chr5%413500000%242.0,chr5,413500000,413500001
chr5%414500000%221.0,chr5,414500000,414500001
chr5%416500000%228.0,chr5,416500000,416500001
chr5%417500000%215.0,chr5,417500000,417500001
chr5%418500000%321.0,chr5,418500000,418500001
chr5%419500000%264.0,chr5,419500000,419500001
chr5%420500000%307.0,chr5,420500000,420500001
chr5%421500000%241.0,chr5,421500000,421500001
chr5%422500000%243.0,chr5,422500000,422500001
chr5%423500000%224.0,chr5,423500000,423500001
chr5%424500000%282.0,chr5,424500000,424500001
chr5%425500000%264.0,chr5,425500000,425500001
chr5%426500000%309.0,chr5,426500000,426500001
chr5%427500000%326.0,chr5,427500000,427500001
chr5%428500000%337.0,chr5,428500000,428500001
chr5%429500000%235.0,chr5,429500000,429500001
chr5%430500000%317.0,chr5,430500000,430500001
chr5%431500000%302.0,chr5,431500000,431500001
chr5%432500000%243.0,chr5,432500000,432500001
chr5%433500000%251.0,chr5,433500000,433500001
chr5%434500000%348.0,chr5,434500000,434500001
chr5%435500000%245.0,chr5,435500000,435500001
chr5%436500000%261.0,chr5,436500000,436500001
chr5%437500000%205.0,chr5,437500000,437500001
chr5%438500000%307.0,chr5,438500000,438500001
chr5%439500000%221.0,chr5,439500000,439500001
chr5%440500000%306.0,chr5,440500000,440500001
chr5%442500000%260.0,chr5,442500000,442500001
chr5%443500000%211.0,chr5,443500000,443500001
chr5%444500000%300.0,chr5,444500000,444500001
chr5%445500000%253.0,chr5,445500000,445500001
chr5%446500000%257.0,chr5,446500000,446500001
chr5%447500000%331.0,chr5,447500000,447500001
chr5%448500000%245.0,chr5,448500000,448500001
chr5%449500000%219.0,chr5,449500000,449500001
chr5%450500000%298.0,chr5,450500000,450500001
chr5%451500000%296.0,chr5,451500000,451500001
chr5%452500000%265.0,chr5,452500000,452500001
chr5%453500000%248.0,chr5,453500000,453500001
chr5%457500000%282.0,chr5,457500000,457500001
chr5%458500000%214.0,chr5,458500000,458500001
chr5%459500000%222.0,chr5,459500000,459500001
chr5%460500000%213.0,chr5,460500000,460500001
chr5%461500000%213.0,chr5,461500000,461500001
chr6%1500000%217.0,chr6,1500000,1500001
chr6%2500000%265.0,chr6,2500000,2500001
chr6%3500000%281.0,chr6,3500000,3500001
chr6%4500000%348.0,chr6,4500000,4500001
chr6%5500000%264.0,chr6,5500000,5500001
chr6%6500000%285.0,chr6,6500000,6500001
chr6%7500000%305.0,chr6,7500000,7500001
chr6%8500000%394.0,chr6,8500000,8500001
chr6%9500000%409.0,chr6,9500000,9500001
chr6%10500000%387.0,chr6,10500000,10500001
chr6%11500000%429.0,chr6,11500000,11500001
chr6%12500000%366.0,chr6,12500000,12500001
chr6%13500000%436.0,chr6,13500000,13500001
chr6%14500000%490.0,chr6,14500000,14500001
chr6%15500000%388.0,chr6,15500000,15500001
chr6%16500000%500.0,chr6,16500000,16500001
chr6%17500000%379.0,chr6,17500000,17500001
chr6%18500000%433.0,chr6,18500000,18500001
chr6%19500000%402.0,chr6,19500000,19500001
chr6%20500000%414.0,chr6,20500000,20500001
chr6%21500000%502.0,chr6,21500000,21500001
chr6%22500000%459.0,chr6,22500000,22500001
chr6%23500000%341.0,chr6,23500000,23500001
chr6%24500000%410.0,chr6,24500000,24500001
chr6%25500000%394.0,chr6,25500000,25500001
chr6%26500000%337.0,chr6,26500000,26500001
chr6%27500000%280.0,chr6,27500000,27500001
chr6%28500000%357.0,chr6,28500000,28500001
chr6%29500000%332.0,chr6,29500000,29500001
chr6%30500000%401.0,chr6,30500000,30500001
chr6%31500000%398.0,chr6,31500000,31500001
chr6%32500000%440.0,chr6,32500000,32500001
chr6%33500000%340.0,chr6,33500000,33500001
chr6%34500000%421.0,chr6,34500000,34500001
chr6%35500000%282.0,chr6,35500000,35500001
chr6%36500000%279.0,chr6,36500000,36500001
chr6%37500000%333.0,chr6,37500000,37500001
chr6%38500000%410.0,chr6,38500000,38500001
chr6%39500000%386.0,chr6,39500000,39500001
chr6%40500000%408.0,chr6,40500000,40500001
chr6%41500000%370.0,chr6,41500000,41500001
chr6%42500000%378.0,chr6,42500000,42500001
chr6%43500000%307.0,chr6,43500000,43500001
chr6%44500000%251.0,chr6,44500000,44500001
chr6%45500000%298.0,chr6,45500000,45500001
chr6%46500000%363.0,chr6,46500000,46500001
chr6%47500000%345.0,chr6,47500000,47500001
chr6%48500000%312.0,chr6,48500000,48500001
chr6%49500000%253.0,chr6,49500000,49500001
chr6%50500000%341.0,chr6,50500000,50500001
chr6%51500000%313.0,chr6,51500000,51500001
chr6%52500000%285.0,chr6,52500000,52500001
chr6%53500000%288.0,chr6,53500000,53500001
chr6%54500000%239.0,chr6,54500000,54500001
chr6%55500000%242.0,chr6,55500000,55500001
chr6%56500000%217.0,chr6,56500000,56500001
chr6%57500000%312.0,chr6,57500000,57500001
chr6%58500000%292.0,chr6,58500000,58500001
chr6%59500000%257.0,chr6,59500000,59500001
chr6%60500000%303.0,chr6,60500000,60500001
chr6%61500000%252.0,chr6,61500000,61500001
chr6%62500000%267.0,chr6,62500000,62500001
chr6%63500000%267.0,chr6,63500000,63500001
chr6%64500000%243.0,chr6,64500000,64500001
chr6%65500000%276.0,chr6,65500000,65500001
chr6%66500000%288.0,chr6,66500000,66500001
chr6%67500000%271.0,chr6,67500000,67500001
chr6%68500000%220.0,chr6,68500000,68500001
chr6%69500000%235.0,chr6,69500000,69500001
chr6%70500000%270.0,chr6,70500000,70500001
chr6%71500000%278.0,chr6,71500000,71500001
chr6%72500000%257.0,chr6,72500000,72500001
chr6%73500000%269.0,chr6,73500000,73500001
chr6%74500000%255.0,chr6,74500000,74500001
chr6%75500000%269.0,chr6,75500000,75500001
chr6%76500000%273.0,chr6,76500000,76500001
chr6%77500000%223.0,chr6,77500000,77500001
chr6%78500000%203.0,chr6,78500000,78500001
chr6%79500000%239.0,chr6,79500000,79500001
chr6%81500000%213.0,chr6,81500000,81500001
chr6%83500000%242.0,chr6,83500000,83500001
chr6%88500000%251.0,chr6,88500000,88500001
chr6%93500000%209.0,chr6,93500000,93500001
chr6%96500000%203.0,chr6,96500000,96500001
chr6%99500000%218.0,chr6,99500000,99500001
chr6%101500000%216.0,chr6,101500000,101500001
chr6%102500000%206.0,chr6,102500000,102500001
chr6%103500000%236.0,chr6,103500000,103500001
chr6%108500000%205.0,chr6,108500000,108500001
chr6%111500000%215.0,chr6,111500000,111500001
chr6%112500000%233.0,chr6,112500000,112500001
chr6%113500000%233.0,chr6,113500000,113500001
chr6%117500000%209.0,chr6,117500000,117500001
chr6%118500000%232.0,chr6,118500000,118500001
chr6%120500000%227.0,chr6,120500000,120500001
chr6%121500000%218.0,chr6,121500000,121500001
chr6%122500000%239.0,chr6,122500000,122500001
chr6%125500000%205.0,chr6,125500000,125500001
chr6%128500000%263.0,chr6,128500000,128500001
chr6%129500000%237.0,chr6,129500000,129500001
chr6%131500000%206.0,chr6,131500000,131500001
chr6%134500000%246.0,chr6,134500000,134500001
chr6%135500000%214.0,chr6,135500000,135500001
chr6%137500000%233.0,chr6,137500000,137500001
chr6%138500000%231.0,chr6,138500000,138500001
chr6%139500000%202.0,chr6,139500000,139500001
chr6%140500000%253.0,chr6,140500000,140500001
chr6%142500000%233.0,chr6,142500000,142500001
chr6%143500000%228.0,chr6,143500000,143500001
chr6%146500000%226.0,chr6,146500000,146500001
chr6%148500000%221.0,chr6,148500000,148500001
chr6%150500000%222.0,chr6,150500000,150500001
chr6%163500000%207.0,chr6,163500000,163500001
chr6%168500000%235.0,chr6,168500000,168500001
chr6%169500000%216.0,chr6,169500000,169500001
chr6%171500000%205.0,chr6,171500000,171500001
chr6%177500000%217.0,chr6,177500000,177500001
chr6%180500000%222.0,chr6,180500000,180500001
chr6%181500000%209.0,chr6,181500000,181500001
chr6%182500000%211.0,chr6,182500000,182500001
chr6%194500000%201.0,chr6,194500000,194500001
chr6%211500000%206.0,chr6,211500000,211500001
chr6%212500000%212.0,chr6,212500000,212500001
chr6%213500000%201.0,chr6,213500000,213500001
chr6%214500000%223.0,chr6,214500000,214500001
chr6%217500000%210.0,chr6,217500000,217500001
chr6%218500000%221.0,chr6,218500000,218500001
chr6%220500000%201.0,chr6,220500000,220500001
chr6%222500000%211.0,chr6,222500000,222500001
chr6%231500000%213.0,chr6,231500000,231500001
chr6%249500000%206.0,chr6,249500000,249500001
chr6%251500000%242.0,chr6,251500000,251500001
chr6%260500000%266.0,chr6,260500000,260500001
chr6%261500000%213.0,chr6,261500000,261500001
chr6%262500000%257.0,chr6,262500000,262500001
chr6%263500000%227.0,chr6,263500000,263500001
chr6%264500000%221.0,chr6,264500000,264500001
chr6%265500000%233.0,chr6,265500000,265500001
chr6%269500000%227.0,chr6,269500000,269500001
chr6%273500000%245.0,chr6,273500000,273500001
chr6%274500000%212.0,chr6,274500000,274500001
chr6%276500000%207.0,chr6,276500000,276500001
chr6%277500000%229.0,chr6,277500000,277500001
chr6%279500000%208.0,chr6,279500000,279500001
chr6%280500000%220.0,chr6,280500000,280500001
chr6%281500000%205.0,chr6,281500000,281500001
chr6%282500000%238.0,chr6,282500000,282500001
chr6%283500000%211.0,chr6,283500000,283500001
chr6%285500000%248.0,chr6,285500000,285500001
chr6%286500000%263.0,chr6,286500000,286500001
chr6%287500000%239.0,chr6,287500000,287500001
chr6%288500000%246.0,chr6,288500000,288500001
chr6%289500000%247.0,chr6,289500000,289500001
chr6%290500000%260.0,chr6,290500000,290500001
chr6%291500000%247.0,chr6,291500000,291500001
chr6%292500000%205.0,chr6,292500000,292500001
chr6%295500000%215.0,chr6,295500000,295500001
chr6%296500000%204.0,chr6,296500000,296500001
chr6%297500000%255.0,chr6,297500000,297500001
chr6%298500000%271.0,chr6,298500000,298500001
chr6%299500000%212.0,chr6,299500000,299500001
chr6%300500000%211.0,chr6,300500000,300500001
chr6%304500000%205.0,chr6,304500000,304500001
chr6%306500000%211.0,chr6,306500000,306500001
chr6%308500000%230.0,chr6,308500000,308500001
chr6%309500000%276.0,chr6,309500000,309500001
chr6%310500000%290.0,chr6,310500000,310500001
chr6%311500000%215.0,chr6,311500000,311500001
chr6%312500000%244.0,chr6,312500000,312500001
chr6%313500000%229.0,chr6,313500000,313500001
chr6%314500000%224.0,chr6,314500000,314500001
chr6%315500000%206.0,chr6,315500000,315500001
chr6%316500000%260.0,chr6,316500000,316500001
chr6%318500000%288.0,chr6,318500000,318500001
chr6%319500000%287.0,chr6,319500000,319500001
chr6%320500000%291.0,chr6,320500000,320500001
chr6%321500000%256.0,chr6,321500000,321500001
chr6%322500000%250.0,chr6,322500000,322500001
chr6%324500000%220.0,chr6,324500000,324500001
chr6%325500000%217.0,chr6,325500000,325500001
chr6%326500000%207.0,chr6,326500000,326500001
chr6%327500000%251.0,chr6,327500000,327500001
chr6%328500000%213.0,chr6,328500000,328500001
chr6%329500000%233.0,chr6,329500000,329500001
chr6%330500000%263.0,chr6,330500000,330500001
chr6%331500000%201.0,chr6,331500000,331500001
chr6%332500000%209.0,chr6,332500000,332500001
chr6%333500000%232.0,chr6,333500000,333500001
chr6%334500000%238.0,chr6,334500000,334500001
chr6%335500000%239.0,chr6,335500000,335500001
chr6%336500000%210.0,chr6,336500000,336500001
chr6%337500000%252.0,chr6,337500000,337500001
chr6%338500000%297.0,chr6,338500000,338500001
chr6%339500000%238.0,chr6,339500000,339500001
chr6%340500000%215.0,chr6,340500000,340500001
chr6%341500000%221.0,chr6,341500000,341500001
chr6%342500000%263.0,chr6,342500000,342500001
chr6%343500000%213.0,chr6,343500000,343500001
chr6%344500000%255.0,chr6,344500000,344500001
chr6%345500000%247.0,chr6,345500000,345500001
chr6%346500000%275.0,chr6,346500000,346500001
chr6%347500000%284.0,chr6,347500000,347500001
chr6%348500000%306.0,chr6,348500000,348500001
chr6%349500000%225.0,chr6,349500000,349500001
chr6%350500000%269.0,chr6,350500000,350500001
chr6%351500000%241.0,chr6,351500000,351500001
chr6%352500000%286.0,chr6,352500000,352500001
chr6%353500000%262.0,chr6,353500000,353500001
chr6%354500000%263.0,chr6,354500000,354500001
chr6%355500000%257.0,chr6,355500000,355500001
chr6%356500000%267.0,chr6,356500000,356500001
chr6%358500000%242.0,chr6,358500000,358500001
chr6%360500000%240.0,chr6,360500000,360500001
chr6%361500000%227.0,chr6,361500000,361500001
chr6%362500000%246.0,chr6,362500000,362500001
chr6%363500000%254.0,chr6,363500000,363500001
chr6%364500000%252.0,chr6,364500000,364500001
chr6%365500000%265.0,chr6,365500000,365500001
chr6%366500000%278.0,chr6,366500000,366500001
chr6%367500000%271.0,chr6,367500000,367500001
chr6%368500000%292.0,chr6,368500000,368500001
chr6%369500000%234.0,chr6,369500000,369500001
chr6%370500000%278.0,chr6,370500000,370500001
chr6%371500000%248.0,chr6,371500000,371500001
chr6%372500000%274.0,chr6,372500000,372500001
chr6%373500000%274.0,chr6,373500000,373500001
chr6%374500000%309.0,chr6,374500000,374500001
chr6%375500000%314.0,chr6,375500000,375500001
chr6%376500000%281.0,chr6,376500000,376500001
chr6%377500000%317.0,chr6,377500000,377500001
chr6%378500000%308.0,chr6,378500000,378500001
chr6%379500000%319.0,chr6,379500000,379500001
chr6%380500000%234.0,chr6,380500000,380500001
chr6%381500000%304.0,chr6,381500000,381500001
chr6%382500000%279.0,chr6,382500000,382500001
chr6%383500000%265.0,chr6,383500000,383500001
chr6%384500000%290.0,chr6,384500000,384500001
chr6%385500000%251.0,chr6,385500000,385500001
chr6%386500000%269.0,chr6,386500000,386500001
chr6%387500000%323.0,chr6,387500000,387500001
chr6%388500000%214.0,chr6,388500000,388500001
chr6%389500000%289.0,chr6,389500000,389500001
chr6%390500000%256.0,chr6,390500000,390500001
chr6%391500000%256.0,chr6,391500000,391500001
chr6%393500000%242.0,chr6,393500000,393500001
chr6%394500000%232.0,chr6,394500000,394500001
chr7%1500000%217.0,chr7,1500000,1500001
chr7%2500000%265.0,chr7,2500000,2500001
chr7%3500000%281.0,chr7,3500000,3500001
chr7%4500000%348.0,chr7,4500000,4500001
chr7%5500000%264.0,chr7,5500000,5500001
chr7%6500000%285.0,chr7,6500000,6500001
chr7%7500000%305.0,chr7,7500000,7500001
chr7%8500000%394.0,chr7,8500000,8500001
chr7%9500000%409.0,chr7,9500000,9500001
chr7%10500000%387.0,chr7,10500000,10500001
chr7%11500000%429.0,chr7,11500000,11500001
chr7%12500000%366.0,chr7,12500000,12500001
chr7%13500000%436.0,chr7,13500000,13500001
chr7%14500000%490.0,chr7,14500000,14500001
chr7%15500000%388.0,chr7,15500000,15500001
chr7%16500000%500.0,chr7,16500000,16500001
chr7%17500000%379.0,chr7,17500000,17500001
chr7%18500000%433.0,chr7,18500000,18500001
chr7%19500000%402.0,chr7,19500000,19500001
chr7%20500000%414.0,chr7,20500000,20500001
chr7%21500000%502.0,chr7,21500000,21500001
chr7%22500000%459.0,chr7,22500000,22500001
chr7%23500000%341.0,chr7,23500000,23500001
chr7%24500000%410.0,chr7,24500000,24500001
chr7%25500000%394.0,chr7,25500000,25500001
chr7%26500000%337.0,chr7,26500000,26500001
chr7%27500000%280.0,chr7,27500000,27500001
chr7%28500000%357.0,chr7,28500000,28500001
chr7%29500000%332.0,chr7,29500000,29500001
chr7%30500000%401.0,chr7,30500000,30500001
chr7%31500000%398.0,chr7,31500000,31500001
chr7%32500000%440.0,chr7,32500000,32500001
chr7%33500000%340.0,chr7,33500000,33500001
chr7%34500000%421.0,chr7,34500000,34500001
chr7%35500000%282.0,chr7,35500000,35500001
chr7%36500000%279.0,chr7,36500000,36500001
chr7%37500000%333.0,chr7,37500000,37500001
chr7%38500000%410.0,chr7,38500000,38500001
chr7%39500000%386.0,chr7,39500000,39500001
chr7%40500000%408.0,chr7,40500000,40500001
chr7%41500000%370.0,chr7,41500000,41500001
chr7%42500000%378.0,chr7,42500000,42500001
chr7%43500000%307.0,chr7,43500000,43500001
chr7%44500000%251.0,chr7,44500000,44500001
chr7%45500000%298.0,chr7,45500000,45500001
chr7%46500000%363.0,chr7,46500000,46500001
chr7%47500000%345.0,chr7,47500000,47500001
chr7%48500000%312.0,chr7,48500000,48500001
chr7%49500000%253.0,chr7,49500000,49500001
chr7%50500000%341.0,chr7,50500000,50500001
chr7%51500000%313.0,chr7,51500000,51500001
chr7%52500000%285.0,chr7,52500000,52500001
chr7%53500000%288.0,chr7,53500000,53500001
chr7%54500000%239.0,chr7,54500000,54500001
chr7%55500000%242.0,chr7,55500000,55500001
chr7%56500000%217.0,chr7,56500000,56500001
chr7%57500000%312.0,chr7,57500000,57500001
chr7%58500000%292.0,chr7,58500000,58500001
chr7%59500000%257.0,chr7,59500000,59500001
chr7%60500000%303.0,chr7,60500000,60500001
chr7%61500000%252.0,chr7,61500000,61500001
chr7%62500000%267.0,chr7,62500000,62500001
chr7%63500000%267.0,chr7,63500000,63500001
chr7%64500000%243.0,chr7,64500000,64500001
chr7%65500000%276.0,chr7,65500000,65500001
chr7%66500000%288.0,chr7,66500000,66500001
chr7%67500000%271.0,chr7,67500000,67500001
chr7%68500000%220.0,chr7,68500000,68500001
chr7%69500000%235.0,chr7,69500000,69500001
chr7%70500000%270.0,chr7,70500000,70500001
chr7%71500000%278.0,chr7,71500000,71500001
chr7%72500000%257.0,chr7,72500000,72500001
chr7%73500000%269.0,chr7,73500000,73500001
chr7%74500000%255.0,chr7,74500000,74500001
chr7%75500000%269.0,chr7,75500000,75500001
chr7%76500000%273.0,chr7,76500000,76500001
chr7%77500000%223.0,chr7,77500000,77500001
chr7%78500000%203.0,chr7,78500000,78500001
chr7%79500000%239.0,chr7,79500000,79500001
chr7%81500000%213.0,chr7,81500000,81500001
chr7%83500000%242.0,chr7,83500000,83500001
chr7%88500000%251.0,chr7,88500000,88500001
chr7%93500000%209.0,chr7,93500000,93500001
chr7%96500000%203.0,chr7,96500000,96500001
chr7%99500000%218.0,chr7,99500000,99500001
chr7%101500000%216.0,chr7,101500000,101500001
chr7%102500000%206.0,chr7,102500000,102500001
chr7%103500000%236.0,chr7,103500000,103500001
chr7%108500000%205.0,chr7,108500000,108500001
chr7%111500000%215.0,chr7,111500000,111500001
chr7%112500000%233.0,chr7,112500000,112500001
chr7%113500000%233.0,chr7,113500000,113500001
chr7%117500000%209.0,chr7,117500000,117500001
chr7%118500000%232.0,chr7,118500000,118500001
chr7%120500000%227.0,chr7,120500000,120500001
chr7%121500000%218.0,chr7,121500000,121500001
chr7%122500000%239.0,chr7,122500000,122500001
chr7%125500000%205.0,chr7,125500000,125500001
chr7%128500000%263.0,chr7,128500000,128500001
chr7%129500000%237.0,chr7,129500000,129500001
chr7%131500000%206.0,chr7,131500000,131500001
chr7%134500000%246.0,chr7,134500000,134500001
chr7%135500000%214.0,chr7,135500000,135500001
chr7%137500000%233.0,chr7,137500000,137500001
chr7%138500000%231.0,chr7,138500000,138500001
chr7%139500000%202.0,chr7,139500000,139500001
chr7%140500000%253.0,chr7,140500000,140500001
chr7%142500000%233.0,chr7,142500000,142500001
chr7%143500000%228.0,chr7,143500000,143500001
chr7%146500000%226.0,chr7,146500000,146500001
chr7%148500000%221.0,chr7,148500000,148500001
chr7%150500000%222.0,chr7,150500000,150500001
chr7%163500000%207.0,chr7,163500000,163500001
chr7%168500000%235.0,chr7,168500000,168500001
chr7%169500000%216.0,chr7,169500000,169500001
chr7%171500000%205.0,chr7,171500000,171500001
chr7%177500000%217.0,chr7,177500000,177500001
chr7%180500000%222.0,chr7,180500000,180500001
chr7%181500000%209.0,chr7,181500000,181500001
chr7%182500000%211.0,chr7,182500000,182500001
chr7%194500000%201.0,chr7,194500000,194500001
chr7%211500000%206.0,chr7,211500000,211500001
chr7%212500000%212.0,chr7,212500000,212500001
chr7%213500000%201.0,chr7,213500000,213500001
chr7%214500000%223.0,chr7,214500000,214500001
chr7%217500000%210.0,chr7,217500000,217500001
chr7%218500000%221.0,chr7,218500000,218500001
chr7%220500000%201.0,chr7,220500000,220500001
chr7%222500000%211.0,chr7,222500000,222500001
chr7%231500000%213.0,chr7,231500000,231500001
chr7%249500000%206.0,chr7,249500000,249500001
chr7%251500000%242.0,chr7,251500000,251500001
chr7%260500000%266.0,chr7,260500000,260500001
chr7%261500000%213.0,chr7,261500000,261500001
chr7%262500000%257.0,chr7,262500000,262500001
chr7%263500000%227.0,chr7,263500000,263500001
chr7%264500000%221.0,chr7,264500000,264500001
chr7%265500000%233.0,chr7,265500000,265500001
chr7%269500000%227.0,chr7,269500000,269500001
chr7%273500000%245.0,chr7,273500000,273500001
chr7%274500000%212.0,chr7,274500000,274500001
chr7%276500000%207.0,chr7,276500000,276500001
chr7%277500000%229.0,chr7,277500000,277500001
chr7%279500000%208.0,chr7,279500000,279500001
chr7%280500000%220.0,chr7,280500000,280500001
chr7%281500000%205.0,chr7,281500000,281500001
chr7%282500000%238.0,chr7,282500000,282500001
chr7%283500000%211.0,chr7,283500000,283500001
chr7%285500000%248.0,chr7,285500000,285500001
chr7%286500000%263.0,chr7,286500000,286500001
chr7%287500000%239.0,chr7,287500000,287500001
chr7%288500000%246.0,chr7,288500000,288500001
chr7%289500000%247.0,chr7,289500000,289500001
chr7%290500000%260.0,chr7,290500000,290500001
chr7%291500000%247.0,chr7,291500000,291500001
chr7%292500000%205.0,chr7,292500000,292500001
chr7%295500000%215.0,chr7,295500000,295500001
chr7%296500000%204.0,chr7,296500000,296500001
chr7%297500000%255.0,chr7,297500000,297500001
chr7%298500000%271.0,chr7,298500000,298500001
chr7%299500000%212.0,chr7,299500000,299500001
chr7%300500000%211.0,chr7,300500000,300500001
chr7%304500000%205.0,chr7,304500000,304500001
chr7%306500000%211.0,chr7,306500000,306500001
chr7%308500000%230.0,chr7,308500000,308500001
chr7%309500000%276.0,chr7,309500000,309500001
chr7%310500000%290.0,chr7,310500000,310500001
chr7%311500000%215.0,chr7,311500000,311500001
chr7%312500000%244.0,chr7,312500000,312500001
chr7%313500000%229.0,chr7,313500000,313500001
chr7%314500000%224.0,chr7,314500000,314500001
chr7%315500000%206.0,chr7,315500000,315500001
chr7%316500000%260.0,chr7,316500000,316500001
chr7%318500000%288.0,chr7,318500000,318500001
chr7%319500000%287.0,chr7,319500000,319500001
chr7%320500000%291.0,chr7,320500000,320500001
chr7%321500000%256.0,chr7,321500000,321500001
chr7%322500000%250.0,chr7,322500000,322500001
chr7%324500000%220.0,chr7,324500000,324500001
chr7%325500000%217.0,chr7,325500000,325500001
chr7%326500000%207.0,chr7,326500000,326500001
chr7%327500000%251.0,chr7,327500000,327500001
chr7%328500000%213.0,chr7,328500000,328500001
chr7%329500000%233.0,chr7,329500000,329500001
chr7%330500000%263.0,chr7,330500000,330500001
chr7%331500000%201.0,chr7,331500000,331500001
chr7%332500000%209.0,chr7,332500000,332500001
chr7%333500000%232.0,chr7,333500000,333500001
chr7%334500000%238.0,chr7,334500000,334500001
chr7%335500000%239.0,chr7,335500000,335500001
chr7%336500000%210.0,chr7,336500000,336500001
chr7%337500000%252.0,chr7,337500000,337500001
chr7%338500000%297.0,chr7,338500000,338500001
chr7%339500000%238.0,chr7,339500000,339500001
chr7%340500000%215.0,chr7,340500000,340500001
chr7%341500000%221.0,chr7,341500000,341500001
chr7%342500000%263.0,chr7,342500000,342500001
chr7%343500000%213.0,chr7,343500000,343500001
chr7%344500000%255.0,chr7,344500000,344500001
chr7%345500000%247.0,chr7,345500000,345500001
chr7%346500000%275.0,chr7,346500000,346500001
chr7%347500000%284.0,chr7,347500000,347500001
chr7%348500000%306.0,chr7,348500000,348500001
chr7%349500000%225.0,chr7,349500000,349500001
chr7%350500000%269.0,chr7,350500000,350500001
chr7%351500000%241.0,chr7,351500000,351500001
chr7%352500000%286.0,chr7,352500000,352500001
chr7%353500000%262.0,chr7,353500000,353500001
chr7%354500000%263.0,chr7,354500000,354500001
chr7%355500000%257.0,chr7,355500000,355500001
chr7%356500000%267.0,chr7,356500000,356500001
chr7%358500000%242.0,chr7,358500000,358500001
chr7%360500000%240.0,chr7,360500000,360500001
chr7%361500000%227.0,chr7,361500000,361500001
chr7%362500000%246.0,chr7,362500000,362500001
chr7%363500000%254.0,chr7,363500000,363500001
chr7%364500000%252.0,chr7,364500000,364500001
chr7%365500000%265.0,chr7,365500000,365500001
chr7%366500000%278.0,chr7,366500000,366500001
chr7%367500000%271.0,chr7,367500000,367500001
chr7%368500000%292.0,chr7,368500000,368500001
chr7%369500000%234.0,chr7,369500000,369500001
chr7%370500000%278.0,chr7,370500000,370500001
chr7%371500000%248.0,chr7,371500000,371500001
chr7%372500000%274.0,chr7,372500000,372500001
chr7%373500000%274.0,chr7,373500000,373500001
chr7%374500000%309.0,chr7,374500000,374500001
chr7%375500000%314.0,chr7,375500000,375500001
chr7%376500000%281.0,chr7,376500000,376500001
chr7%377500000%317.0,chr7,377500000,377500001
chr7%378500000%308.0,chr7,378500000,378500001
chr7%379500000%319.0,chr7,379500000,379500001
chr7%380500000%234.0,chr7,380500000,380500001
chr7%381500000%304.0,chr7,381500000,381500001
chr7%382500000%279.0,chr7,382500000,382500001
chr7%383500000%265.0,chr7,383500000,383500001
chr7%384500000%290.0,chr7,384500000,384500001
chr7%385500000%251.0,chr7,385500000,385500001
chr7%386500000%269.0,chr7,386500000,386500001
chr7%387500000%323.0,chr7,387500000,387500001
chr7%388500000%214.0,chr7,388500000,388500001
chr7%389500000%289.0,chr7,389500000,389500001
chr7%390500000%256.0,chr7,390500000,390500001
chr7%391500000%256.0,chr7,391500000,391500001
chr7%393500000%242.0,chr7,393500000,393500001
chr7%394500000%232.0,chr7,394500000,394500001
chr7%397500000%253.0,chr7,397500000,397500001
chr7%398500000%284.0,chr7,398500000,398500001
chr7%400500000%264.0,chr7,400500000,400500001
chr7%401500000%235.0,chr7,401500000,401500001
chr7%402500000%228.0,chr7,402500000,402500001
chr7%403500000%259.0,chr7,403500000,403500001
chr7%404500000%221.0,chr7,404500000,404500001
chr7%405500000%219.0,chr7,405500000,405500001
chr7%406500000%241.0,chr7,406500000,406500001
chr7%407500000%252.0,chr7,407500000,407500001
chr7%409500000%216.0,chr7,409500000,409500001
chr7%410500000%242.0,chr7,410500000,410500001
chr7%411500000%214.0,chr7,411500000,411500001
chr7%412500000%229.0,chr7,412500000,412500001
chr7%413500000%242.0,chr7,413500000,413500001
chr7%414500000%221.0,chr7,414500000,414500001
chr7%416500000%228.0,chr7,416500000,416500001
chr7%417500000%215.0,chr7,417500000,417500001
chr7%418500000%321.0,chr7,418500000,418500001
chr7%419500000%264.0,chr7,419500000,419500001
chr7%420500000%307.0,chr7,420500000,420500001
chr7%421500000%241.0,chr7,421500000,421500001
chr7%422500000%243.0,chr7,422500000,422500001
chr7%423500000%224.0,chr7,423500000,423500001
chr7%424500000%282.0,chr7,424500000,424500001
chr7%425500000%264.0,chr7,425500000,425500001
chr7%426500000%309.0,chr7,426500000,426500001
chr7%427500000%326.0,chr7,427500000,427500001
chr7%428500000%337.0,chr7,428500000,428500001
chr7%429500000%235.0,chr7,429500000,429500001
chr7%430500000%317.0,chr7,430500000,430500001
chr7%431500000%302.0,chr7,431500000,431500001
chr7%432500000%243.0,chr7,432500000,432500001
chr7%433500000%251.0,chr7,433500000,433500001
chr7%434500000%348.0,chr7,434500000,434500001
chr7%435500000%245.0,chr7,435500000,435500001
chr7%436500000%261.0,chr7,436500000,436500001
chr7%437500000%205.0,chr7,437500000,437500001
chr7%438500000%307.0,chr7,438500000,438500001
chr7%439500000%221.0,chr7,439500000,439500001
chr7%440500000%306.0,chr7,440500000,440500001
chr7%442500000%260.0,chr7,442500000,442500001
chr7%443500000%211.0,chr7,443500000,443500001
chr7%444500000%300.0,chr7,444500000,444500001
chr7%445500000%253.0,chr7,445500000,445500001
chr7%446500000%257.0,chr7,446500000,446500001
chr7%447500000%331.0,chr7,447500000,447500001
chr7%448500000%245.0,chr7,448500000,448500001
chr7%449500000%219.0,chr7,449500000,449500001
chr7%450500000%298.0,chr7,450500000,450500001
chr7%451500000%296.0,chr7,451500000,451500001
chr7%452500000%265.0,chr7,452500000,452500001
chr7%453500000%248.0,chr7,453500000,453500001
chr7%457500000%282.0,chr7,457500000,457500001
chr7%458500000%214.0,chr7,458500000,458500001
chr7%459500000%222.0,chr7,459500000,459500001
chr7%460500000%213.0,chr7,460500000,460500001
chr7%461500000%213.0,chr7,461500000,461500001
