source,chr,start,end,color
chr1A%100270708%100270752,chr1A,100270752,100270708,1
chr1A%1003918%1003962,chr1A,1003918,1003962,2
chr1A%1003924%1003968,chr1A,1003924,1003968,1
chr1A%10070925%10070969,chr1A,10070969,10070925,3
chr1A%101255501%101255545,chr1A,101255545,101255501,1
chr1A%101380724%101380768,chr1A,101380724,101380768,1
chr1A%101380724%101380768,chr1D,82534171,82534215,2
chr1A%101388529%101388573,chr1A,101388529,101388573,2
chr1A%101388529%101388573,chr1D,82540862,82540906,1
chr1A%101388529%101388573,chr3C,314867906,314867939,2
chr1A%101394474%101394518,chr1A,101394518,101394474,3
chr1A%101404817%101404861,chr1A,101404817,101404861,3
chr1A%101404817%101404861,chr1D,82567052,82567096,1
chr1A%101405786%101405830,chr1A,101405786,101405830,2
chr1A%101405786%101405830,chr1D,82568021,82568065,1
chr1A%101512160%101512204,chr1A,101512160,101512204,1
chr1A%101512160%101512204,chr1D,112626739,112626779,2
chr1A%101512160%101512204,chr1D,112932076,112932109,3
chr1A%101544252%101544296,chr1A,101544252,101544296,1